target,model,estimator,residual_def,rung,n_q,n_obs,sigma2_person,sigma2_set,sigma2_question,sigma2_resid,nu_mean,vpc_person,vpc_person_lo,vpc_person_hi,vpc_set,vpc_question,vpc_resid,Erho2,Erho2_lo,Erho2_hi,Phi,Phi_lo,Phi_hi,rhat_max,divergences,converged
openness,m0,gaussian,scale,L0,4,2011,0.3392479135646437,0.0013563552697163307,0.0005948699729968663,0.9367315159702418,,0.26500098949430806,0.21864252102980083,0.3129486488955334,0.0010586884643332794,0.00046530908458433537,0.7334750129567742,0.5896490999966707,0.5288094506184604,0.6457218377703311,0.5893010822713844,0.5281451334579893,0.6456390192945972,1.0029,0,True
openness,m0,gaussian,scale,L0,6,2011,0.3392479135646437,0.0013563552697163307,0.0005948699729968663,0.9367315159702418,,0.26500098949430806,0.21864252102980083,0.3129486488955334,0.0010586884643332794,0.00046530908458433537,0.7334750129567742,0.6827664358814786,0.6273419882241147,0.7321878988263566,0.6824548889508689,0.6267185294315629,0.732116907770812,1.0029,0,True
openness,m0,gaussian,scale,L0,17,2011,0.3392479135646437,0.0013563552697163307,0.0005948699729968663,0.9367315159702418,,0.26500098949430806,0.21864252102980083,0.3129486488955334,0.0010586884643332794,0.00046530908458433537,0.7334750129567742,0.8587789677021735,0.8266809267728732,0.885664938119229,0.8586043604801378,0.826298624921055,0.8856282754769196,1.0029,0,True
openness,m1,gaussian,scale,L0,4,2011,0.326956653028569,0.001392123151134496,0.0006060787690049798,0.9353913202459766,,0.25813217834514657,0.2130273450190081,0.3058231283048201,0.001097533624420111,0.0004786403733132932,0.7402916476571201,0.5810340233629411,0.5203148034696666,0.638584777652698,0.5806743504793904,0.5198698794903633,0.6379723807680445,1.0012,0,True
openness,m1,gaussian,scale,L0,6,2011,0.326956653028569,0.001392123151134496,0.0006060787690049798,0.9353913202459766,,0.25813217834514657,0.2130273450190081,0.3058231283048201,0.001097533624420111,0.0004786403733132932,0.7402916476571201,0.6750265988312516,0.6193450151619696,0.726053735010253,0.6747025117239491,0.6189246719237657,0.7255258450756153,1.0012,0,True
openness,m1,gaussian,scale,L0,17,2011,0.326956653028569,0.001392123151134496,0.0006060787690049798,0.9353913202459766,,0.25813217834514657,0.2130273450190081,0.3058231283048201,0.001097533624420111,0.0004786403733132932,0.7402916476571201,0.8544123846457786,0.8217461622654815,0.8824819014192348,0.8542284875229564,0.8214849021973037,0.8822065413549391,1.0012,0,True
openness,m1d,gaussian,scale,L0,4,2011,0.18905851138311147,0.0021691657610403564,0.0007729093068592526,0.9306936682482757,,0.1680898202229236,0.1256709870510893,0.21301587830926752,0.0019240251717379641,0.0006889081857329349,0.8292972464196054,0.44578795580418684,0.3654143740236802,0.5203998480020791,0.44521782385761743,0.3650538857507125,0.5198528063443006,1.0011,0,True
openness,m1d,gaussian,scale,L0,6,2011,0.18905851138311147,0.0021691657610403564,0.0007729093068592526,0.9306936682482757,,0.1680898202229236,0.1256709870510893,0.21301587830926752,0.0019240251717379641,0.0006889081857329349,0.8292972464196054,0.5461624279243265,0.46344654564118654,0.6194253444174397,0.5455908069737558,0.4630599124044814,0.6189085389740209,1.0011,0,True
openness,m1d,gaussian,scale,L0,17,2011,0.18905851138311147,0.0021691657610403564,0.0007729093068592526,0.9306936682482757,,0.1680898202229236,0.1256709870510893,0.21301587830926752,0.0019240251717379641,0.0006889081857329349,0.8292972464196054,0.7721948820854225,0.7099165375044073,0.8217960687374527,0.7717890096655379,0.7095962086736944,0.8214748710562717,1.0011,0,True
openness,m0_filt,gaussian,scale,L0,4,1920,0.3398526224941459,0.0016288466693980454,0.0006591774268414674,0.9567009025245216,,0.2611934998387089,0.21462384589310168,0.30983500907195166,0.0012473616252905398,0.0005068547277582411,0.7370522838082424,0.5849144949769298,0.5225504779182509,0.642557654951992,0.5845049226178552,0.5222399462568516,0.6423098249422419,1.0013,0,True
openness,m0_filt,gaussian,scale,L0,6,1920,0.3398526224941459,0.0016288466693980454,0.0006591774268414674,0.9567009025245216,,0.2611934998387089,0.21462384589310168,0.30983500907195166,0.0012473616252905398,0.0005068547277582411,0.7370522838082424,0.6785086530137634,0.6214549312004871,0.7294724341128824,0.6781406379246397,0.6211620908857945,0.7292594746564652,1.0013,0,True
openness,m0_filt,gaussian,scale,L0,17,1920,0.3398526224941459,0.0016288466693980454,0.0006591774268414674,0.9567009025245216,,0.2611934998387089,0.21462384589310168,0.30983500907195166,0.0012473616252905398,0.0005068547277582411,0.7370522838082424,0.8563718513926692,0.8230547162429914,0.8842596534113534,0.8561641277725541,0.8228733817929711,0.8841491912210554,1.0013,0,True
openness,m0_robust,t,scale,L0,4,2011,0.2299070670998913,0.0013436977186632743,0.0011196574111348152,0.2881033441513616,2.7547211258215634,0.44104367727081645,0.37912733698657725,0.5053444731635874,0.0025689137704183987,0.002159175439013265,0.5542282335197519,0.7592589070286686,0.7111223013604575,0.8041360445068941,0.7584161311871125,0.7095172225442264,0.8033986653142265,1.003,0,True
openness,m0_robust,t,scale,L0,6,2011,0.2299070670998913,0.0013436977186632743,0.0011196574111348152,0.2881033441513616,2.7547211258215634,0.44104367727081645,0.37912733698657725,0.5053444731635874,0.0025689137704183987,0.002159175439013265,0.5542282335197519,0.8253407052743582,0.7868943757662376,0.8603035284501027,0.8246763311776235,0.7855833688448004,0.8597407231138247,1.003,0,True
openness,m0_robust,t,scale,L0,17,2011,0.2299070670998913,0.0013436977186632743,0.0011196574111348152,0.2881033441513616,2.7547211258215634,0.44104367727081645,0.37912733698657725,0.5053444731635874,0.0025689137704183987,0.002159175439013265,0.5542282335197519,0.9303847567852579,0.9127560095999895,0.9457957404883286,0.9300863656234144,0.9121328364657943,0.9455555666090053,1.003,0,True
openness,m0_robust,t,marginal,L0,4,2011,0.2299070670998913,0.0013436977186632743,0.0011196574111348152,1.1099959744369468,2.7547211258215634,0.17517874192772964,0.1140036141552843,0.2342271268703231,0.0010192385116007867,0.0008459498035730315,0.8229560697570965,0.45649822820559743,0.3398314437676465,0.550458987180385,0.4561913741335452,0.3397993738638601,0.5502547433971932,1.003,0,True
openness,m0_robust,t,marginal,L0,6,2011,0.2299070670998913,0.0013436977186632743,0.0011196574111348152,1.1099959744369468,2.7547211258215634,0.17517874192772964,0.1140036141552843,0.2342271268703231,0.0010192385116007867,0.0008459498035730315,0.8229560697570965,0.5563473322774785,0.43571272347225304,0.6474822646353281,0.5560443053047393,0.43567757249617134,0.6472938571770324,1.003,0,True
openness,m0_robust,t,marginal,L0,17,2011,0.2299070670998913,0.0013436977186632743,0.0011196574111348152,1.1099959744369468,2.7547211258215634,0.17517874192772964,0.1140036141552843,0.2342271268703231,0.0010192385116007867,0.0008459498035730315,0.8229560697570965,0.7784936633852809,0.6862990948375006,0.838815937404772,0.7782848874250776,0.686268304332652,0.8387043162742082,1.003,0,True
conscientiousness,m0,gaussian,scale,L0,4,2011,0.17613036967263934,0.0008725540017428753,0.00038462141075243985,0.5962956721456911,,0.2272717619132256,0.18237728581954218,0.2739233330493471,0.001122634430180886,0.0004972623822827807,0.7711083412743107,0.5395292163683568,0.47219455474606414,0.6016451486814952,0.5391687074029012,0.47152357413110985,0.6014443825003816,1.0005,0,True
conscientiousness,m0,gaussian,scale,L0,6,2011,0.17613036967263934,0.0008725540017428753,0.00038462141075243985,0.5962956721456911,,0.2272717619132256,0.18237728581954218,0.2739233330493471,0.001122634430180886,0.0004972623822827807,0.7711083412743107,0.6369551730576705,0.5730065455469343,0.6937669594985475,0.6366198928608789,0.5723476551433431,0.6935889768153216,1.0005,0,True
conscientiousness,m0,gaussian,scale,L0,17,2011,0.17613036967263934,0.0008725540017428753,0.00038462141075243985,0.5962956721456911,,0.2272717619132256,0.18237728581954218,0.2739233330493471,0.001122634430180886,0.0004972623822827807,0.7711083412743107,0.8320339232965533,0.7917625171396407,0.8652087588892999,0.8318314392118344,0.791318253512924,0.8651110454395982,1.0005,0,True
conscientiousness,m1,gaussian,scale,L0,4,2011,0.17192997134364754,0.0008632583978619587,0.00038227738666473087,0.5962388352573925,,0.22305388097186815,0.17874065938572123,0.2711219690412662,0.0011192769926293077,0.0004964573711901516,0.7753303846643124,0.5334610519285222,0.46562367712609826,0.5982997374618984,0.5331028992259765,0.4654032049326642,0.5980524232877173,1.0016,0,True
conscientiousness,m1,gaussian,scale,L0,6,2011,0.17192997134364754,0.0008632583978619587,0.00038227738666473087,0.5962388352573925,,0.22305388097186815,0.17874065938572123,0.2711219690412662,0.0011192769926293077,0.0004964573711901516,0.7753303846643124,0.6312753512117025,0.5665386183206266,0.6907975960099364,0.6309407488915777,0.566321001359883,0.6905777779477965,1.0016,0,True
conscientiousness,m1,gaussian,scale,L0,17,2011,0.17192997134364754,0.0008632583978619587,0.00038227738666473087,0.5962388352573925,,0.22305388097186815,0.17874065938572123,0.2711219690412662,0.0011192769926293077,0.0004964573711901516,0.7753303846643124,0.8285600657585189,0.7873786560515412,0.8635748719200499,0.8283561085588167,0.7872302698225684,0.8634536051506773,1.0016,0,True
conscientiousness,m1d,gaussian,scale,L0,4,2011,0.11581423475104986,0.0010838667036485888,0.00043989909176438824,0.597778209309182,,0.161669992019307,0.11921914344910466,0.20565305306960863,0.0015096378288936535,0.0006152124385216363,0.8362051577132776,0.43408558349367243,0.3517082687967695,0.5095769530504457,0.43364397139279415,0.35124955908286953,0.5087402529182828,1.0015,0,True
conscientiousness,m1d,gaussian,scale,L0,6,2011,0.11581423475104986,0.0010838667036485888,0.00043989909176438824,0.597778209309182,,0.161669992019307,0.11921914344910466,0.20565305306960863,0.0015096378288936535,0.0006152124385216363,0.8362051577132776,0.5343196444935641,0.44866313576326683,0.6091587895668663,0.533873074215858,0.44816539068638056,0.6083614103360138,1.0015,0,True
conscientiousness,m1d,gaussian,scale,L0,17,2011,0.11581423475104986,0.0010838667036485888,0.00043989909176438824,0.597778209309182,,0.161669992019307,0.11921914344910466,0.20565305306960863,0.0015096378288936535,0.0006152124385216363,0.8362051577132776,0.7636023389705732,0.6974913489020574,0.8153614648476752,0.7632788985494615,0.6970665693773552,0.8148569119447959,1.0015,0,True
conscientiousness,m0_filt,gaussian,scale,L0,4,1920,0.17313884225549828,0.0009762166755485846,0.00041020760092053403,0.6071771327223846,,0.22113818557118006,0.17700804033891973,0.26798201779397574,0.001243892100298427,0.0005246651973103198,0.7770932571312112,0.5307528117679577,0.4625220014499314,0.59458402774528,0.5303559085342031,0.46245656796702433,0.5942129288438212,1.0016,0,True
conscientiousness,m0_filt,gaussian,scale,L0,6,1920,0.17313884225549828,0.0009762166755485846,0.00041020760092053403,0.6071771327223846,,0.22113818557118006,0.17700804033891973,0.26798201779397574,0.001243892100298427,0.0005246651973103198,0.7770932571312112,0.6287425827022501,0.5634735460319787,0.6874905819815774,0.6283701773815314,0.5634088013798242,0.6871597799467545,1.0016,0,True
conscientiousness,m0_filt,gaussian,scale,L0,17,1920,0.17313884225549828,0.0009762166755485846,0.00041020760092053403,0.6071771327223846,,0.22113818557118006,0.17700804033891973,0.26798201779397574,0.001243892100298427,0.0005246651973103198,0.7770932571312112,0.8270126787749612,0.7852833376992775,0.8617459295122651,0.8267837463603737,0.7852389522955132,0.8615624391896337,1.0016,0,True
conscientiousness,m0_robust,t,scale,L0,4,2011,0.15353345181548603,0.001158820410227532,0.0005240006782447044,0.2547865318536319,3.684024043433806,0.3739665081473236,0.3125413100143649,0.4367760361696143,0.0028066490359240945,0.0012800033265376732,0.6219468394902147,0.704615297327988,0.6462536799208894,0.7569389950244328,0.7036797927138732,0.6452053056682879,0.7562147290597204,1.0025,0,True
conscientiousness,m0_robust,t,scale,L0,6,2011,0.15353345181548603,0.001158820410227532,0.0005240006782447044,0.2547865318536319,3.684024043433806,0.3739665081473236,0.3125413100143649,0.4367760361696143,0.0028066490359240945,0.0012800033265376732,0.6219468394902147,0.7813220972802014,0.7326436820752843,0.8236732800808532,0.780554263706539,0.7317450607164443,0.8231013945494012,1.0025,0,True
conscientiousness,m0_robust,t,scale,L0,17,2011,0.15353345181548603,0.001158820410227532,0.0005240006782447044,0.2547865318536319,3.684024043433806,0.3739665081473236,0.3125413100143649,0.4367760361696143,0.0028066490359240945,0.0012800033265376732,0.6219468394902147,0.9098985126913931,0.8859002260335327,0.9297522049497312,0.9095300030804602,0.8854361720232364,0.9294949182480869,1.0025,0,True
conscientiousness,m0_robust,t,marginal,L0,4,2011,0.15353345181548603,0.001158820410227532,0.0005240006782447044,0.5676864504165058,3.684024043433806,0.21286584890428872,0.1675277160476583,0.26072855928375643,0.001600366536214371,0.0007254067682542292,0.7848083777912427,0.5185689714701703,0.4462303281360363,0.5855348902677394,0.5180613432226815,0.4459725672254933,0.5851883168475264,1.0025,0,True
conscientiousness,m0_robust,t,marginal,L0,6,2011,0.15353345181548603,0.001158820410227532,0.0005240006782447044,0.5676864504165058,3.684024043433806,0.21286584890428872,0.1675277160476583,0.26072855928375643,0.001600366536214371,0.0007254067682542292,0.7848083777912427,0.6172121996541955,0.5472464993771036,0.6793970087126612,0.6167327650861882,0.5469880241171624,0.6790859060828771,1.0025,0,True
conscientiousness,m0_robust,t,marginal,L0,17,2011,0.15353345181548603,0.001158820410227532,0.0005240006782447044,0.5676864504165058,3.684024043433806,0.21286584890428872,0.1675277160476583,0.26072855928375643,0.001600366536214371,0.0007254067682542292,0.7848083777912427,0.8197955033198551,0.7739944914260527,0.8572281200057051,0.8194965522155279,0.7738119619892267,0.8570532716919128,1.0025,0,True
extraversion,m0,gaussian,scale,L0,4,2011,0.3329612690635095,0.0013568176944838552,0.0005642729534538785,0.8802548493275546,,0.2735040480473969,0.22704939115201322,0.3223861873349756,0.0011126540369484532,0.0004643005487406444,0.724918997366914,0.6001269302314588,0.540817313882946,0.6558282445537296,0.5997599004399147,0.5402245790783398,0.6555367595386379,1.002,0,True
extraversion,m0,gaussian,scale,L0,6,2011,0.3329612690635095,0.0013568176944838552,0.0005642729534538785,0.8802548493275546,,0.2735040480473969,0.22704939115201322,0.3223861873349756,0.0011126540369484532,0.0004643005487406444,0.724918997366914,0.6921241386412248,0.6385551341941582,0.7408177609305113,0.6917978825287173,0.6380041160455936,0.7405697818044701,1.002,0,True
extraversion,m0,gaussian,scale,L0,17,2011,0.3329612690635095,0.0013568176944838552,0.0005642729534538785,0.8802548493275546,,0.2735040480473969,0.22704939115201322,0.3223861873349756,0.0011126540369484532,0.0004643005487406444,0.724918997366914,0.8639992639910239,0.8334880627820764,0.890091600550244,0.8638188803074484,0.83315657164903,0.8899652294619457,1.002,0,True
extraversion,m1,gaussian,scale,L0,4,2011,0.31700658223567174,0.001395691590498656,0.0005672464761305843,0.8798956790051077,,0.26398897570452406,0.2194562555947476,0.31115281963323077,0.0011611554034303313,0.00047232365861123946,0.7343775452334343,0.5884964245541527,0.5296392056843932,0.6440927705328306,0.5881146250561213,0.5293304118677251,0.6437227908259416,1.0025,0,True
extraversion,m1,gaussian,scale,L0,6,2011,0.31700658223567174,0.001395691590498656,0.0005672464761305843,0.8798956790051077,,0.26398897570452406,0.2194562555947476,0.31115281963323077,0.0011611554034303313,0.00047232365861123946,0.7343775452334343,0.6817518473386877,0.6281202525242625,0.730790664045733,0.6814098867035779,0.6278306812503766,0.7304730957917565,1.0025,0,True
extraversion,m1,gaussian,scale,L0,17,2011,0.31700658223567174,0.001395691590498656,0.0005672464761305843,0.8798956790051077,,0.26398897570452406,0.2194562555947476,0.31115281963323077,0.0011611554034303313,0.00047232365861123946,0.7343775452334343,0.8582285224898296,0.8271575879163799,0.8849425996729512,0.8580367317651459,0.8269803096658226,0.8847782031394741,1.0025,0,True
extraversion,m1d,gaussian,scale,L0,4,2011,0.23558491607263576,0.001729372081820502,0.0006579917498569683,0.8816619877352125,,0.2100356927974144,0.16434423770033627,0.256786869849263,0.0015383451793044075,0.000586819594590132,0.787839142428691,0.5143164530114172,0.4403987257994683,0.5806482265876103,0.5138306382558594,0.4402964148125318,0.5801911056024065,1.0006,0,True
extraversion,m1d,gaussian,scale,L0,6,2011,0.23558491607263576,0.001729372081820502,0.0006579917498569683,0.8816619877352125,,0.2100356927974144,0.16434423770033627,0.256786869849263,0.0015383451793044075,0.000586819594590132,0.787839142428691,0.6131787537132307,0.5413853741649657,0.6750027591054523,0.6127176539698933,0.5412822952181876,0.6745908522112698,1.0006,0,True
extraversion,m1d,gaussian,scale,L0,17,2011,0.23558491607263576,0.001729372081820502,0.0006579917498569683,0.8816619877352125,,0.2100356927974144,0.16434423770033627,0.256786869849263,0.0015383451793044075,0.000586819594590132,0.787839142428691,0.8172554539482907,0.7698341514292755,0.8547501621120451,0.8169650253326959,0.7697605825070545,0.8545169719593815,1.0006,0,True
extraversion,m0_filt,gaussian,scale,L0,4,1920,0.3278781785216173,0.0015357167324156235,0.0006351488734548278,0.8739544656470514,,0.27181369025793833,0.222297724416199,0.32107019004587123,0.001270908360833406,0.0005281493447377681,0.7263872520364905,0.5980433696496144,0.5336652611192647,0.6547696395281605,0.5976241007338059,0.5334420414500572,0.6541737189665896,1.0041,0,True
extraversion,m0_filt,gaussian,scale,L0,6,1920,0.3278781785216173,0.0015357167324156235,0.0006351488734548278,0.8739544656470514,,0.27181369025793833,0.222297724416199,0.32107019004587123,0.001270908360833406,0.0005281493447377681,0.7263872520364905,0.6902485733290014,0.6318892268013141,0.7399168987405941,0.689875442222039,0.6316805744777348,0.7394094601861397,1.0041,0,True
extraversion,m0_filt,gaussian,scale,L0,17,1920,0.3278781785216173,0.0015357167324156235,0.0006351488734548278,0.8739544656470514,,0.27181369025793833,0.222297724416199,0.32107019004587123,0.001270908360833406,0.0005281493447377681,0.7263872520364905,0.8629372761169407,0.8294570375210876,0.8896322845560738,0.8627304799224252,0.8293301240080396,0.8893732769605023,1.0041,0,True
extraversion,m0_robust,t,scale,L0,4,2011,0.25932638989144263,0.001334041688225038,0.0018372751707005416,0.27940198658925713,2.934615510016661,0.47779773791368346,0.4154927127687495,0.5361250529486516,0.002450172251324335,0.003397470128232601,0.5163546197067597,0.7853902965896004,0.7409721843900143,0.8228462365931316,0.7845952127665985,0.7398117116359828,0.8221594215379905,1.0032,0,True
extraversion,m0_robust,t,scale,L0,6,2011,0.25932638989144263,0.001334041688225038,0.0018372751707005416,0.27940198658925713,2.934615510016661,0.47779773791368346,0.4154927127687495,0.5361250529486516,0.002450172251324335,0.003397470128232601,0.5163546197067597,0.8457802456359375,0.810995661560482,0.874485715029415,0.8451640648774901,0.8100684884417848,0.8739684391264322,1.0032,0,True
extraversion,m0_robust,t,scale,L0,17,2011,0.25932638989144263,0.001334041688225038,0.0018372751707005416,0.27940198658925713,2.934615510016661,0.47779773791368346,0.4154927127687495,0.5361250529486516,0.002450172251324335,0.003397470128232601,0.5163546197067597,0.9394522715683964,0.9239977434186296,0.9517850579982321,0.9391828966045441,0.9235726691233298,0.951568708906353,1.0032,0,True
extraversion,m0_robust,t,marginal,L0,4,2011,0.25932638989144263,0.001334041688225038,0.0018372751707005416,0.9092358413838074,2.934615510016661,0.22371093631360464,0.16249703965802437,0.2824089002851612,0.0011503078065254755,0.0015679035204743499,0.7735708523593955,0.5334270742925963,0.4369785032840843,0.6121158879812819,0.5330590351084808,0.4369694382312653,0.6115305702319721,1.0032,0,True
extraversion,m0_robust,t,marginal,L0,6,2011,0.25932638989144263,0.001334041688225038,0.0018372751707005416,0.9092358413838074,2.934615510016661,0.22371093631360464,0.16249703965802437,0.2824089002851612,0.0011503078065254755,0.0015679035204743499,0.7735708523593955,0.6309349642973486,0.5379347860825976,0.7030115594648108,0.6305916232472625,0.5379256276784673,0.7024967390514494,1.0032,0,True
extraversion,m0_robust,t,marginal,L0,17,2011,0.25932638989144263,0.001334041688225038,0.0018372751707005416,0.9092358413838074,2.934615510016661,0.22371093631360464,0.16249703965802437,0.2824089002851612,0.0011503078065254755,0.0015679035204743499,0.7735708523593955,0.8279488306779922,0.7673638055210926,0.8702458206803038,0.8277397541671763,0.7673572278953901,0.8699672747278281,1.0032,0,True
agreeableness,m0,gaussian,scale,L0,4,2011,0.3625179884834921,0.0016340908641452124,0.0006799379391582565,1.0893478584509158,,0.2488650927826743,0.20427233005376894,0.29435409493814907,0.0011201672591558403,0.00046781074746176456,0.7495469292107081,0.5690850450792638,0.5068980500572001,0.6255217645289175,0.5687198769539438,0.5066224656011271,0.6252668269293621,1.001,0,True
agreeableness,m0,gaussian,scale,L0,6,2011,0.3625179884834921,0.0016340908641452124,0.0006799379391582565,1.0893478584509158,,0.2488650927826743,0.20427233005376894,0.29435409493814907,0.0011201672591558403,0.00046781074746176456,0.7495469292107081,0.6642057976022978,0.6066039054988173,0.714739949328161,0.6638735178025953,0.6063407703448546,0.7145180297641488,1.001,0,True
agreeableness,m0,gaussian,scale,L0,17,2011,0.3625179884834921,0.0016340908641452124,0.0006799379391582565,1.0893478584509158,,0.2488650927826743,0.20427233005376894,0.29435409493814907,0.0011201672591558403,0.00046781074746176456,0.7495469292107081,0.8482123363164467,0.8137423590450659,0.8765298593044387,0.8480201774680751,0.813575195819344,0.8764120415193126,1.001,0,True
agreeableness,m1,gaussian,scale,L0,4,2011,0.34150100831647173,0.0016101623744076742,0.0006823178617571597,1.088267190644985,,0.2380677181618407,0.19416782767729585,0.28505242901814637,0.0011202498450412822,0.00047598984191852997,0.7603360421511995,0.5545643648155738,0.4909312630004729,0.615283607371553,0.554201168613444,0.49078647770679373,0.6146161960413505,1.0019,0,True
agreeableness,m1,gaussian,scale,L0,6,2011,0.34150100831647173,0.0016101623744076742,0.0006823178617571597,1.088267190644985,,0.2380677181618407,0.19416782767729585,0.28505242901814637,0.0011202498450412822,0.00047598984191852997,0.7603360421511995,0.6508915629119261,0.5912623165719397,0.7057937489758346,0.6505583397442419,0.591122300581398,0.7052081259546089,1.0019,0,True
agreeableness,m1,gaussian,scale,L0,17,2011,0.34150100831647173,0.0016101623744076742,0.0006823178617571597,1.088267190644985,,0.2380677181618407,0.19416782767729585,0.28505242901814637,0.0011202498450412822,0.00047598984191852997,0.7603360421511995,0.8403964122896594,0.8038668776862554,0.8717471682106911,0.8402005379047287,0.8037755207115761,0.8714317045378186,1.0019,0,True
agreeableness,m1d,gaussian,scale,L0,4,2011,0.21546436463547405,0.0020500840991782183,0.0008298550676825434,1.0901524188530838,,0.16439579590922485,0.12190296888662505,0.20981771089028156,0.0015579338627922223,0.0006336860941095261,0.8334125841338733,0.4390095465583254,0.35705803460588836,0.5156410681179716,0.4385510262279969,0.3570393871211833,0.5150628923626388,1.0032,0,True
agreeableness,m1d,gaussian,scale,L0,6,2011,0.21546436463547405,0.0020500840991782183,0.0008298550676825434,1.0901524188530838,,0.16439579590922485,0.12190296888662505,0.20981771089028156,0.0015579338627922223,0.0006336860941095261,0.8334125841338733,0.5393005707617279,0.454453850937234,0.6149220562945396,0.5388388436026064,0.4544337119352173,0.6143737724184981,1.0032,0,True
agreeableness,m1d,gaussian,scale,L0,17,2011,0.21546436463547405,0.0020500840991782183,0.0008298550676825434,1.0901524188530838,,0.16439579590922485,0.12190296888662505,0.20981771089028156,0.0015579338627922223,0.0006336860941095261,0.8334125841338733,0.7672123940979657,0.7024021093660934,0.8189876202643405,0.7668811447682267,0.702385128880115,0.8186442118530722,1.0032,0,True
agreeableness,m0_filt,gaussian,scale,L0,4,1920,0.36522753903039,0.0017398954542846897,0.0007682373376342606,1.1124821223758719,,0.24629155907989606,0.19961149881316942,0.2940524471163881,0.0011717238165239831,0.0005184684124697738,0.7520182486911102,0.5656010455717868,0.49959776184762156,0.6257256365747399,0.5652196794897016,0.4993925243512598,0.6249263864674903,1.0054,0,True
agreeableness,m0_filt,gaussian,scale,L0,6,1920,0.36522753903039,0.0017398954542846897,0.0007682373376342606,1.1124821223758719,,0.24629155907989606,0.19961149881316942,0.2940524471163881,0.0011717238165239831,0.0005184684124697738,0.7520182486911102,0.6609997284373842,0.5996137891584323,0.7149173864291447,0.6606518318088606,0.5994166816253287,0.7142216133336902,1.0054,0,True
agreeableness,m0_filt,gaussian,scale,L0,17,1920,0.36522753903039,0.0017398954542846897,0.0007682373376342606,1.1124821223758719,,0.24629155907989606,0.19961149881316942,0.2940524471163881,0.0011717238165239831,0.0005184684124697738,0.7520182486911102,0.8463163738829996,0.8092755932931609,0.8766240317360345,0.8461141830718618,0.8091488486304856,0.8762546077641433,1.0054,0,True
agreeableness,m0_robust,t,scale,L0,4,2011,0.2548882237560203,0.0014753817068556773,0.004381940234423927,0.28599763476070683,2.596120178437779,0.46553175538297703,0.40365143155145183,0.5286038108580453,0.0026881876277437054,0.007977769246621027,0.5238022877426581,0.776960522197183,0.7313031799935099,0.8185858523908857,0.7760846921586799,0.7302754867081485,0.8176989301166846,1.006,0,True
agreeableness,m0_robust,t,scale,L0,6,2011,0.2548882237560203,0.0014753817068556773,0.004381940234423927,0.28599763476070683,2.596120178437779,0.46553175538297703,0.40365143155145183,0.5286038108580453,0.0026881876277437054,0.007977769246621027,0.5238022877426581,0.839223401427983,0.8032464340825415,0.8712729310795749,0.8385405289395805,0.8024195617701615,0.8706028752395956,1.006,0,True
agreeableness,m0_robust,t,scale,L0,17,2011,0.2548882237560203,0.0014753817068556773,0.004381940234423927,0.28599763476070683,2.596120178437779,0.46553175538297703,0.40365143155145183,0.5286038108580453,0.0026881876277437054,0.007977769246621027,0.5238022877426581,0.9365694723820799,0.9204270415855973,0.9504387639486672,0.9362680484375091,0.9200436095923407,0.9501572119101818,1.006,0,True
agreeableness,m0_robust,t,marginal,L0,4,2011,0.2548882237560203,0.0014753817068556773,0.004381940234423927,1.3768782227773764,2.596120178437779,0.1642920469350432,0.08968938839488425,0.22606094862829476,,,0.8319906738622341,0.4361511234764889,0.2829664341577876,0.5388990235345026,0.43587434907541306,0.2826936802862222,0.5388231659924694,1.006,0,True
agreeableness,m0_robust,t,marginal,L0,6,2011,0.2548882237560203,0.0014753817068556773,0.004381940234423927,1.3768782227773764,2.596120178437779,0.1642920469350432,0.08968938839488425,0.22606094862829476,,,0.8319906738622341,0.5353575153280377,0.3718404597380169,0.6367709213560224,0.53507993003606,0.37152643165074717,0.6367003103890413,1.006,0,True
agreeableness,m0_robust,t,marginal,L0,17,2011,0.2548882237560203,0.0014753817068556773,0.004381940234423927,1.3768782227773764,2.596120178437779,0.1642920469350432,0.08968938839488425,0.22606094862829476,,,0.8319906738622341,0.7622408780494563,0.6264751353052748,0.8324135643850021,0.7620422302373757,0.626160436378098,0.8323709739254572,1.006,0,True
neuroticism,m0,gaussian,scale,L0,4,2011,0.04380611196987128,0.00025353462308669344,0.00012004958573800842,0.1946596421893679,,0.18313877137157694,0.14174387620829484,0.228696255608127,0.0010581127977200584,0.0005023730921928859,0.81530074273851,0.47161743762265756,0.3981388473166748,0.542975890698007,0.4712950751862452,0.39781288359375544,0.5425485537811492,1.0033,0,True
neuroticism,m0,gaussian,scale,L0,6,2011,0.04380611196987128,0.00025353462308669344,0.00012004958573800842,0.1946596421893679,,0.18313877137157694,0.14174387620829484,0.228696255608127,0.0010581127977200584,0.0005023730921928859,0.81530074273851,0.5719245609114162,0.49805979413445456,0.6405596203563739,0.5716082360697502,0.4977196754413757,0.640163059513292,1.0033,0,True
neuroticism,m0,gaussian,scale,L0,17,2011,0.04380611196987128,0.00025353462308669344,0.00012004958573800842,0.1946596421893679,,0.18313877137157694,0.14174387620829484,0.228696255608127,0.0010581127977200584,0.0005023730921928859,0.81530074273851,0.790268300104523,0.7376312355861288,0.834691359438005,0.7900543551415896,0.7373678517817452,0.8344536264505631,1.0033,0,True
neuroticism,m1,gaussian,scale,L0,4,2011,0.04395768364579169,0.00025679809572239044,0.00012432287979532398,0.1944350154218124,,0.18380479636796485,0.14046536936476828,0.22971439789697168,0.0010726615866589267,0.0005199883111802508,0.814602553734196,0.47260909046636446,0.3954297583613175,0.5441335567931582,0.4722824081151281,0.39528845916495464,0.543978506070336,1.0019,0,True
neuroticism,m1,gaussian,scale,L0,6,2011,0.04395768364579169,0.00025679809572239044,0.00012432287979532398,0.1944350154218124,,0.18380479636796485,0.14046536936476828,0.22971439789697168,0.0010726615866589267,0.0005199883111802508,0.814602553734196,0.5728557949893078,0.4952302487446815,0.641633244955223,0.5725352625100714,0.4950824911874543,0.641489507116849,1.0019,0,True
neuroticism,m1,gaussian,scale,L0,17,2011,0.04395768364579169,0.00025679809572239044,0.00012432287979532398,0.1944350154218124,,0.18380479636796485,0.14046536936476828,0.22971439789697168,0.0010726615866589267,0.0005199883111802508,0.814602553734196,0.7908318697151968,0.7354348244876144,0.8353341871885642,0.790615125909827,0.735319800662176,0.8352481924960382,1.0019,0,True
neuroticism,m1d,gaussian,scale,L0,4,2011,0.03748942711739463,0.0002605171299605704,0.0001309070638102257,0.19453894441694433,,0.1610298212254516,0.12057531901143943,0.20726211196375882,0.0011168298104002232,0.000562671867097519,0.8372906770970506,0.43289231285908353,0.35433584544482266,0.5116489792236831,0.4325667504183367,0.3541838014148627,0.5111946188197614,1.0014,0,True
neuroticism,m1d,gaussian,scale,L0,6,2011,0.03748942711739463,0.0002605171299605704,0.0001309070638102257,0.19453894441694433,,0.1610298212254516,0.12057531901143943,0.20726211196375882,0.0011168298104002232,0.000562671867097519,0.8372906770970506,0.5331456016721254,0.45151057703212266,0.6111311534211212,0.5328156596953276,0.4513459839158108,0.6106989258942147,1.0014,0,True
neuroticism,m1d,gaussian,scale,L0,17,2011,0.03748942711739463,0.0002605171299605704,0.0001309070638102257,0.19453894441694433,,0.1610298212254516,0.12057531901143943,0.20726211196375882,0.0011168298104002232,0.000562671867097519,0.8372906770970506,0.762813008702931,0.6999132242893527,0.8166065167814508,0.7625728937716951,0.6997736074496633,0.8163340372152752,1.0014,0,True
neuroticism,m0_filt,gaussian,scale,L0,4,1920,0.04475818945468825,0.0002711380388762925,0.00013489979845009964,0.19548162506295996,,0.18567644383617074,0.14392119049113788,0.23108451729905014,0.0011235186957827608,0.000560215444355829,0.8126398220236906,0.47570493190537094,0.4025877280582753,0.5460304483408192,0.47536213916139175,0.40208088331544706,0.5458946583133413,1.0032,0,True
neuroticism,m0_filt,gaussian,scale,L0,6,1920,0.04475818945468825,0.0002711380388762925,0.00013489979845009964,0.19548162506295996,,0.18567644383617074,0.14392119049113788,0.23108451729905014,0.0011235186957827608,0.000560215444355829,0.8126398220236906,0.5758893041397409,0.5026926458823866,0.6433903200520512,0.5755534831240586,0.502165708915941,0.6432646258841774,1.0032,0,True
neuroticism,m0_filt,gaussian,scale,L0,17,1920,0.04475818945468825,0.0002711380388762925,0.00013489979845009964,0.19548162506295996,,0.18567644383617074,0.14392119049113788,0.23108451729905014,0.0011235186957827608,0.000560215444355829,0.8126398220236906,0.7928802880260364,0.7412018457112935,0.8363837229519251,0.7926539278849234,0.7407973203419953,0.8363087463899727,1.0032,0,True
overall_personality,m0,gaussian,scale,L0,4,2011,0.3993079009359468,0.0017248881114139479,0.0006887973084942658,1.0604853918765589,,0.2725999323818277,0.22643300497830207,0.321798048419325,0.0011756993248326782,0.0004699566425039839,0.7257544116508357,0.5990395351186248,0.5395897063459727,0.655053003283074,0.5986517653862754,0.5393512481383871,0.6549282731646782,1.0021,0,True
overall_personality,m0,gaussian,scale,L0,6,2011,0.3993079009359468,0.0017248881114139479,0.0006887973084942658,1.0604853918765589,,0.2725999323818277,0.22643300497830207,0.321798048419325,0.0011756993248326782,0.0004699566425039839,0.7257544116508357,0.6911541107472683,0.6374136400705238,0.7401581087220684,0.6908093892255945,0.6371917809750616,0.7400519401383188,1.0021,0,True
overall_personality,m0,gaussian,scale,L0,17,2011,0.3993079009359468,0.0017248881114139479,0.0006887973084942658,1.0604853918765589,,0.2725999323818277,0.22643300497830207,0.321798048419325,0.0011756993248326782,0.0004699566425039839,0.7257544116508357,0.8634596765684419,0.8328009996544607,0.8897553315125093,0.8632690219816035,0.8326673090468154,0.8897011781525285,1.0021,0,True
overall_personality,m1,gaussian,scale,L0,4,2011,0.37720006285086194,0.0017665875046540414,0.0007007474934402042,1.0590931679790327,,0.2616836720743892,0.2147986597125608,0.3111725296086904,0.0012213220202743707,0.00048786271739977125,0.7366071431879365,0.5854820382450373,0.5230589680193569,0.6442805877203437,0.5850810261900408,0.5224986252806854,0.6437438813944807,1.0005,0,True
overall_personality,m1,gaussian,scale,L0,6,2011,0.37720006285086194,0.0017665875046540414,0.0007007474934402042,1.0590931679790327,,0.2616836720743892,0.2147986597125608,0.3111725296086904,0.0012213220202743707,0.00048786271739977125,0.7366071431879365,0.6790080524861839,0.6219342963956759,0.7309518407626538,0.6786475978449176,0.6214060376395455,0.7304912013037039,1.0005,0,True
overall_personality,m1,gaussian,scale,L0,17,2011,0.37720006285086194,0.0017665875046540414,0.0007007474934402042,1.0590931679790327,,0.2616836720743892,0.2147986597125608,0.3111725296086904,0.0012213220202743707,0.00048786271739977125,0.7366071431879365,0.8566419064986387,0.8233513554959174,0.8850260050249995,0.856438275350934,0.8230244463360099,0.8847875783069176,1.0005,0,True
overall_personality,m1d,gaussian,scale,L0,4,2011,0.23246901929210909,0.0022484291302588273,0.0008633026230375519,1.0602315378843992,,0.17907549613041562,0.1356483828766467,0.2289441464688305,0.0017291568721537237,0.0006656809517773721,0.8185296660456532,0.4646925802264102,0.38638982680460354,0.5435115169108885,0.46416967412209054,0.3856536497021686,0.5428971858539755,1.0019,0,True
overall_personality,m1d,gaussian,scale,L0,6,2011,0.23246901929210909,0.0022484291302588273,0.0008633026230375519,1.0602315378843992,,0.17907549613041562,0.1356483828766467,0.2289441464688305,0.0017291568721537237,0.0006656809517773721,0.8185296660456532,0.5649925707369514,0.4857418749297679,0.6410564840761097,0.5644763305599363,0.4849660172784062,0.6404865937813011,1.0019,0,True
overall_personality,m1d,gaussian,scale,L0,17,2011,0.23246901929210909,0.0022484291302588273,0.0008633026230375519,1.0602315378843992,,0.17907549613041562,0.1356483828766467,0.2289441464688305,0.0017291568721537237,0.0006656809517773721,0.8185296660456532,0.7853749239126806,0.7279815600279325,0.8349889990704628,0.7850208708275775,0.7273660511995876,0.8346475929942003,1.0019,0,True
overall_personality,m0_filt,gaussian,scale,L0,4,1920,0.39651581962469,0.001797338312921242,0.0007969254197959198,1.0750421806967305,,0.2685098063738806,0.22059224392625035,0.3177421258136931,0.0012150015627760413,0.0005400723276808496,0.7297351197356625,0.5940135832674948,0.531128658849827,0.650856102782444,0.5936136192338064,0.5309792507088138,0.6507020985700304,1.0009,0,True
overall_personality,m0_filt,gaussian,scale,L0,6,1920,0.39651581962469,0.001797338312921242,0.0007969254197959198,1.0750421806967305,,0.2685098063738806,0.22059224392625035,0.3177421258136931,0.0012150015627760413,0.0005400723276808496,0.7297351197356625,0.6866629375062518,0.629515995028394,0.7365802716604231,0.6863058057239084,0.6293760592193467,0.7364487682801047,1.0009,0,True
overall_personality,m0_filt,gaussian,scale,L0,17,1920,0.39651581962469,0.001797338312921242,0.0007969254197959198,1.0750421806967305,,0.2685098063738806,0.22059224392625035,0.3177421258136931,0.0012150015627760413,0.0005400723276808496,0.7297351197356625,0.8609507339352092,0.828010849842306,0.8879254398718661,0.8607515228552796,0.8279253916176038,0.8878579875540056,1.0009,0,True
overall_personality,m0_robust,t,scale,L0,4,2011,0.3149613953873403,0.0021984137000631266,0.0009681339222164085,0.3458305502417665,2.8757891529409205,0.4737368850192768,0.41152190412516193,0.536568713180901,0.0032921789898434422,0.0014592025820528006,0.521511733408827,0.7828624259287287,0.736975266561035,0.8233769463869329,0.7817931752896337,0.7366476650284052,0.8224201261473939,1.003,0,True
overall_personality,m0_robust,t,scale,L0,6,2011,0.3149613953873403,0.0021984137000631266,0.0009681339222164085,0.3458305502417665,2.8757891529409205,0.4737368850192768,0.41152190412516193,0.536568713180901,0.0032921789898434422,0.0014592025820528006,0.521511733408827,0.8438148442158786,0.8077989693389807,0.8748852477024966,0.8429859109564358,0.8075365429284013,0.8741648188909427,1.003,0,True
overall_personality,m0_robust,t,scale,L0,17,2011,0.3149613953873403,0.0021984137000631266,0.0009681339222164085,0.3458305502417665,2.8757891529409205,0.4737368850192768,0.41152190412516193,0.536568713180901,0.0032921789898434422,0.0014592025820528006,0.521511733408827,0.9385887778576025,0.922529722065533,0.9519520535206654,0.9382261958243957,0.9224088993912088,0.9516508627250858,1.003,0,True
overall_personality,m0_robust,t,marginal,L0,4,2011,0.3149613953873403,0.0021984137000631266,0.0009681339222164085,1.1858506979812458,2.8757891529409205,0.21241033489986183,0.1506913291359845,0.27228134377212,0.0014750570556808173,0.0006486875222229769,0.7854659205222343,0.516789981339398,0.4156882958608712,0.5996383522825822,0.5163227878535078,0.4151064763604448,0.5994600080841088,1.003,0,True
overall_personality,m0_robust,t,marginal,L0,6,2011,0.3149613953873403,0.0021984137000631266,0.0009681339222164085,1.1858506979812458,2.8757891529409205,0.21241033489986183,0.1506913291359845,0.27228134377212,0.0014750570556808173,0.0006486875222229769,0.7854659205222343,0.6151779688506347,0.5162358443514631,0.6919866549952601,0.6147370564931876,0.5156374847775945,0.691828304827643,1.003,0,True
overall_personality,m0_robust,t,marginal,L0,17,2011,0.3149613953873403,0.0021984137000631266,0.0009681339222164085,1.1858506979812458,2.8757891529409205,0.21241033489986183,0.1506913291359845,0.27228134377212,0.0014750570556808173,0.0006486875222229769,0.7854659205222343,0.8180341819810438,0.7514611034173335,0.8642300874155241,0.8177590461292561,0.7510133634436266,0.8641429011833751,1.003,0,True
interview_score,m0,gaussian,scale,L0,4,2011,0.4058807368183912,0.0016385151985429686,0.0007409001523751373,1.12343640749882,,0.26452735462753274,0.218824739460237,0.3131242655715595,0.001067526092694075,0.0004838790402475095,0.7339212402395257,0.5890890448500129,0.5285428819435359,0.6458553091049414,0.5887380973653473,0.5284108527650782,0.6458258383354812,1.0015,0,True
interview_score,m0,gaussian,scale,L0,6,2011,0.4058807368183912,0.0016385151985429686,0.0007409001523751373,1.12343640749882,,0.26452735462753274,0.218824739460237,0.3131242655715595,0.001067526092694075,0.0004838790402475095,0.7339212402395257,0.6822714689876057,0.6270918546726227,0.7323022995357508,0.6819572343563199,0.626967945084649,0.7322770406628257,1.0015,0,True
interview_score,m0,gaussian,scale,L0,17,2011,0.4058807368183912,0.0016385151985429686,0.0007409001523751373,1.12343640749882,,0.26452735462753274,0.218824739460237,0.3131242655715595,0.001067526092694075,0.0004838790402475095,0.7339212402395257,0.8585083941477112,0.8265275957534368,0.8857240106401456,0.8583322446777265,0.8264516140545002,0.8857109688137684,1.0015,0,True
interview_score,m1,gaussian,scale,L0,4,2011,0.3779567591040274,0.0017535464224493005,0.000707655173890377,1.1231624560080329,,0.2509182640970742,0.2066218767213202,0.3005572483337888,0.0011621428719753313,0.0004707628667885865,0.7474488301641619,0.5717361999825887,0.510338385044976,0.6323429790610879,0.5713565341195781,0.5102197932182957,0.6321958542202653,1.0012,0,True
interview_score,m1,gaussian,scale,L0,6,2011,0.3779567591040274,0.0017535464224493005,0.000707655173890377,1.1231624560080329,,0.2509182640970742,0.2066218767213202,0.3005572483337888,0.0011621428719753313,0.0004707628667885865,0.7474488301641619,0.6666033060865505,0.6098839758817072,0.7206617649258886,0.6662591330236528,0.6097710582076209,0.7205343628216722,1.0012,0,True
interview_score,m1,gaussian,scale,L0,17,2011,0.3779567591040274,0.0017535464224493005,0.000707655173890377,1.1231624560080329,,0.2509182640970742,0.2066218767213202,0.3005572483337888,0.0011621428719753313,0.0004707628667885865,0.7474488301641619,0.849582323485735,0.8158197318677818,0.8796585204751605,0.8493847571517172,0.815748413643104,0.8795915184492529,1.0012,0,True
interview_score,m1d,gaussian,scale,L0,4,2011,0.2206221360461415,0.002311774667983313,0.0009751876864292161,1.1169064727728442,,0.16426854121403736,0.12098848518625105,0.21082081390304067,0.0017191013021768547,0.0007272977138143198,0.8332850597699715,0.4387852504885274,0.35551674027649205,0.517391352014283,0.43828041218288,0.3550742487746467,0.5165713054361887,1.0022,0,True
interview_score,m1d,gaussian,scale,L0,6,2011,0.2206221360461415,0.002311774667983313,0.0009751876864292161,1.1169064727728442,,0.16426854121403736,0.12098848518625105,0.21082081390304067,0.0017191013021768547,0.0007272977138143198,0.8332850597699715,0.5390573727889848,0.4527882148594927,0.616580356008229,0.5385480564097456,0.45230962149077436,0.6158036978631088,1.0022,0,True
interview_score,m1d,gaussian,scale,L0,17,2011,0.2206221360461415,0.002311774667983313,0.0009751876864292161,1.1169064727728442,,0.16426854121403736,0.12098848518625105,0.21082081390304067,0.0017191013021768547,0.0007272977138143198,0.8332850597699715,0.7670062286113735,0.7009954209069651,0.8200243492066666,0.7666393572878549,0.700590359648664,0.8195391758548594,1.0022,0,True
interview_score,m0_filt,gaussian,scale,L0,4,1920,0.3986692951730877,0.001910646909635311,0.000814423680252264,1.1338828031255037,,0.2592118827782636,0.2123841821895609,0.3081147219117577,0.0012396867414907558,0.0005306331257773032,0.7390177973544683,0.5823706079714471,0.5193547452381887,0.6407373779266918,0.5819638947274367,0.5189111610421399,0.6404565818150313,1.0017,0,True
interview_score,m0_filt,gaussian,scale,L0,6,1920,0.3986692951730877,0.001910646909635311,0.000814423680252264,1.1338828031255037,,0.2592118827782636,0.2123841821895609,0.3081147219117577,0.0012396867414907558,0.0005306331257773032,0.7390177973544683,0.6762093039808844,0.618437811541905,0.727907343912844,0.6758433439505267,0.6180184149389415,0.7276657220422715,1.0017,0,True
interview_score,m0_filt,gaussian,scale,L0,17,1920,0.3986692951730877,0.001910646909635311,0.000814423680252264,1.1338828031255037,,0.2592118827782636,0.2123841821895609,0.3081147219117577,0.0012396867414907558,0.0005306331257773032,0.7390177973544683,0.8550595332316232,0.8211820627970002,0.8834469771342688,0.8548524455446948,0.8209209848888709,0.8833213375597009,1.0017,0,True
interview_score,m0_robust,t,scale,L0,4,2011,0.2897524458620943,0.00616179908368686,0.010828025922773672,0.3116452508777897,2.6341117611186635,0.46786448980109424,0.4049380260544892,0.5324097628683554,0.00981933431895681,0.01744573804472636,0.5048704378352226,0.7809134567525184,0.7348223394986766,0.82174069066592,0.7776906566715829,0.7313264425256538,0.8199657434321318,1.0065,0,True
interview_score,m0_robust,t,scale,L0,6,2011,0.2897524458620943,0.00616179908368686,0.010828025922773672,0.3116452508777897,2.6341117611186635,0.46786448980109424,0.4049380260544892,0.5324097628683554,0.00981933431895681,0.01744573804472636,0.5048704378352226,0.8422966541554752,0.8060732083774861,0.8736529476471814,0.8397884882678947,0.8032651434976419,0.8723145786382036,1.0065,0,True
interview_score,m0_robust,t,scale,L0,17,2011,0.2897524458620943,0.00616179908368686,0.010828025922773672,0.3116452508777897,2.6341117611186635,0.46786448980109424,0.4049380260544892,0.5324097628683554,0.00981933431895681,0.01744573804472636,0.5048704378352226,0.9379197417224522,0.9217343113900355,0.9514366780686868,0.9368159156877084,0.9204357118092497,0.9508759271057453,1.0065,0,True
interview_score,m0_robust,t,marginal,L0,4,2011,0.2897524458620943,0.00616179908368686,0.010828025922773672,1.402158704981179,2.6341117611186635,0.17602225109141276,0.10671987149832574,0.24135453602914633,0.0036912520328375074,0.006456864984931629,0.813829631890818,0.4577675242057825,0.323914030889855,0.5612575229785671,0.4566539203696659,0.32335444979117606,0.559966661795427,1.0065,0,True
interview_score,m0_robust,t,marginal,L0,6,2011,0.2897524458620943,0.00616179908368686,0.010828025922773672,1.402158704981179,2.6341117611186635,0.17602225109141276,0.10671987149832574,0.24135453602914633,0.0036912520328375074,0.006456864984931629,0.813829631890818,0.5572000919085408,0.41814889795057236,0.6574007313060721,0.5561008944731247,0.4175270584652437,0.6562194774406678,1.0065,0,True
interview_score,m0_robust,t,marginal,L0,17,2011,0.2897524458620943,0.00616179908368686,0.010828025922773672,1.402158704981179,2.6341117611186635,0.17602225109141276,0.10671987149832574,0.24135453602914633,0.0036912520328375074,0.006456864984931629,0.813829631890818,0.7783155699177329,0.670639065998265,0.8446427162678143,0.7775576481835808,0.6700741608633496,0.8439538133756651,1.0065,0,True
answer_score,m0,gaussian,scale,L0,4,2011,0.42530224239264797,0.0016088657045528394,0.0006407302098624741,0.9732887851498617,,0.30304257215659264,0.2548027766228765,0.3548130320931334,0.0011454457990257149,0.00045745754418355464,0.6953545245001981,0.6342080508903253,0.5780708289066294,0.6876561508306012,0.63382710117607,0.5776503572381892,0.6874759012873226,1.0005,0,True
answer_score,m0,gaussian,scale,L0,6,2011,0.42530224239264797,0.0016088657045528394,0.0006407302098624741,0.9732887851498617,,0.30304257215659264,0.2548027766228765,0.3548130320931334,0.0011454457990257149,0.00045745754418355464,0.6953545245001981,0.7220209134627035,0.6726783712931571,0.7675715704383963,0.7216910397794948,0.672298733276471,0.7674218410191999,1.0005,0,True
answer_score,m0,gaussian,scale,L0,17,2011,0.42530224239264797,0.0016088657045528394,0.0006407302098624741,0.9732887851498617,,0.30304257215659264,0.2548027766228765,0.3548130320931334,0.0011454457990257149,0.00045745754418355464,0.6953545245001981,0.8801307948253206,0.8534321928410302,0.9034450709983328,0.8799570062926902,0.8532164523902701,0.9033718518383913,1.0005,0,True
answer_score,m1,gaussian,scale,L0,4,2011,0.4107190162039362,0.0016126142645915467,0.0006355063003854818,0.9731846229899808,,0.29576949482126996,0.2494407330156676,0.34485765800444695,0.0011612796631838267,0.00045835870719696713,0.7026108668083492,0.6261612675614376,0.5711901175790014,0.6788073471420472,0.6257755890651565,0.5706973991657469,0.6779951613167404,1.0008,0,True
answer_score,m1,gaussian,scale,L0,6,2011,0.4107190162039362,0.0016126142645915467,0.0006355063003854818,0.9731846229899808,,0.29576949482126996,0.2494407330156676,0.34485765800444695,0.0011612796631838267,0.00045835870719696713,0.7026108668083492,0.715042640432576,0.6664502715573358,0.7601972734550607,0.7147066386483087,0.6660030068060019,0.7595179831735551,1.0008,0,True
answer_score,m1,gaussian,scale,L0,17,2011,0.4107190162039362,0.0016126142645915467,0.0006355063003854818,0.9731846229899808,,0.29576949482126996,0.2494407330156676,0.34485765800444695,0.0011612796631838267,0.00045835870719696713,0.7026108668083492,0.8764453682857588,0.8498758208570271,0.8998190135232609,0.8762664055312568,0.8496190165313643,0.8994829344427482,1.0008,0,True
answer_score,m1d,gaussian,scale,L0,4,2011,0.24932865054349407,0.002129552480362111,0.0008355720155927581,0.9814403543632688,,0.20171360610372716,0.154907210953983,0.2519552746614388,0.0017202055417216383,0.000676886543660033,0.7958893018108911,0.5013916248035777,0.42319371977977466,0.5745367890309917,0.5008539653307964,0.42303522375696,0.5739738594809052,1.0016,0,True
answer_score,m1d,gaussian,scale,L0,6,2011,0.24932865054349407,0.002129552480362111,0.0008355720155927581,0.9814403543632688,,0.20171360610372716,0.154907210953983,0.2519552746614388,0.0017202055417216383,0.000676886543660033,0.7958893018108911,0.6007536537410009,0.5239288748354061,0.6694836811444721,0.6002380928264754,0.5237669096816098,0.6689739937569904,1.0016,0,True
answer_score,m1d,gaussian,scale,L0,17,2011,0.24932865054349407,0.002129552480362111,0.0008355720155927581,0.9814403543632688,,0.20171360610372716,0.154907210953983,0.2519552746614388,0.0017202055417216383,0.000676886543660033,0.7958893018108911,0.8092170920505934,0.7571730078990797,0.8516125143726694,0.8088851674809299,0.7570535994970974,0.8513213112504566,1.0016,0,True
answer_score,m0_filt,gaussian,scale,L0,4,1920,0.4277014595539029,0.0017823754868436222,0.0006722855197615033,0.9911106462708326,,0.30034541549408067,0.25007454065406265,0.35224798840148336,0.001248134881396807,0.0004726029207024293,0.6979338467038201,0.6312211864208841,0.5726977072017231,0.6853019869552139,0.6308060969184422,0.5715259178729851,0.685059480922554,1.0039,0,True
answer_score,m0_filt,gaussian,scale,L0,6,1920,0.4277014595539029,0.0017823754868436222,0.0006722855197615033,0.9911106462708326,,0.30034541549408067,0.25007454065406265,0.35224798840148336,0.001248134881396807,0.0004726029207024293,0.6979338467038201,0.7194219165396664,0.6678177216042752,0.7656144338758261,0.7190620539145491,0.6667549961166948,0.7654126313631492,1.0039,0,True
answer_score,m0_filt,gaussian,scale,L0,17,1920,0.4277014595539029,0.0017823754868436222,0.0006722855197615033,0.9911106462708326,,0.30034541549408067,0.25007454065406265,0.35224798840148336,0.001248134881396807,0.0004726029207024293,0.6979338467038201,0.8787496823629066,0.8506597910459149,0.9024866924741927,0.8785596824408106,0.8500506752288461,0.9023877103369257,1.0039,0,True
answer_score,m0_robust,t,scale,L0,4,2011,0.312984428174053,0.001928331349163256,0.0015059688842222088,0.3183332486079275,2.96829225456514,0.4923542718849338,0.4324335862125705,0.5498403832785278,0.0030291188452516984,0.0023744473148669333,0.5022421619549476,0.7953075360657359,0.7537409925826604,0.8311238909364016,0.7943299631164614,0.7529420509233725,0.8300977454752996,1.0044,0,True
answer_score,m0_robust,t,scale,L0,6,2011,0.312984428174053,0.001928331349163256,0.0015059688842222088,0.3183332486079275,2.96829225456514,0.4923542718849338,0.4324335862125705,0.5498403832785278,0.0030291188452516984,0.0023744473148669333,0.5022421619549476,0.8534371567063886,0.8211458462299235,0.8807003044585019,0.852685451289609,0.8205135128077686,0.8799318823530796,1.0044,0,True
answer_score,m0_robust,t,scale,L0,17,2011,0.312984428174053,0.001928331349163256,0.0015059688842222088,0.3183332486079275,2.96829225456514,0.4923542718849338,0.4324335862125705,0.5498403832785278,0.0030291188452516984,0.0023744473148669333,0.5022421619549476,0.9427802458238443,0.9286135056194201,0.9543720226173226,0.9424555984155709,0.928327957818382,0.9540533715916807,1.0044,0,True
answer_score,m0_robust,t,marginal,L0,4,2011,0.312984428174053,0.001928331349163256,0.0015059688842222088,1.0091264590892617,2.96829225456514,0.23839430601951767,0.17647442899716226,0.2966866046062042,0.0014606765081120853,0.0011414498235828982,0.7590035676487873,0.5541722339205484,0.4621461877089429,0.6281491671771625,0.5536996103159839,0.46154502938173775,0.6278882863726087,1.0044,0,True
answer_score,m0_robust,t,marginal,L0,6,2011,0.312984428174053,0.001928331349163256,0.0015059688842222088,1.0091264590892617,2.96829225456514,0.23839430601951767,0.17647442899716226,0.2966866046062042,0.0014606765081120853,0.0011414498235828982,0.7590035676487873,0.6502495682746197,0.5631016404120508,0.7170245593476497,0.6498152147525875,0.5625065036737464,0.7167979204563427,1.0044,0,True
answer_score,m0_robust,t,marginal,L0,17,2011,0.312984428174053,0.001928331349163256,0.0015059688842222088,1.0091264590892617,2.96829225456514,0.23839430601951767,0.17647442899716226,0.2966866046062042,0.0014606765081120853,0.0011414498235828982,0.7590035676487873,0.8396704421360892,0.7850283069266499,0.8777403592953105,0.8394137764739582,0.7846198506819317,0.8776204714524325,1.0044,0,True
speaking_skills,m0,gaussian,scale,L0,4,2011,0.40961446908945354,0.0019774832043472105,0.0007771700787944985,1.2318440363868215,,0.2486811410947931,0.20447276922031035,0.29534894378828386,0.0011985772334401892,0.0004732260213069934,0.7496470556504597,0.5688195752023107,0.5073243956133672,0.6266129127353608,0.56842878739426,0.5069305789546574,0.6263872960403394,1.0033,0,True
speaking_skills,m0,gaussian,scale,L0,6,2011,0.40961446908945354,0.0019774832043472105,0.0007771700787944985,1.2318440363868215,,0.2486811410947931,0.20447276922031035,0.29534894378828386,0.0011985772334401892,0.0004732260213069934,0.7496470556504597,0.6639509052263154,0.6070108792672901,0.7156892924533886,0.6635953028143444,0.6066349621287476,0.7154930618469463,1.0033,0,True
speaking_skills,m0,gaussian,scale,L0,17,2011,0.40961446908945354,0.0019774832043472105,0.0007771700787944985,1.2318440363868215,,0.2486811410947931,0.20447276922031035,0.29534894378828386,0.0011985772334401892,0.0004732260213069934,0.7496470556504597,0.8480499587053446,0.8140007516625646,0.8770334012526071,0.8478443087907547,0.8137620848536652,0.876929380913386,1.0033,0,True
speaking_skills,m1,gaussian,scale,L0,4,2011,0.3916677371775366,0.0019049408723776737,0.0007782581382991518,1.2309885586567169,,0.24054798751811116,0.19512326915481798,0.28811830278065265,0.001166813900352474,0.0004783283776333467,0.757806870203903,0.5579014570680906,0.4928554492946214,0.618902770593979,0.5575227591806158,0.49230978838355954,0.6181619206311393,1.0011,0,True
speaking_skills,m1,gaussian,scale,L0,6,2011,0.3916677371775366,0.0019049408723776737,0.0007782581382991518,1.2309885586567169,,0.24054798751811116,0.19512326915481798,0.28811830278065265,0.001166813900352474,0.0004783283776333467,0.757806870203903,0.6539480148036072,0.5931215735378345,0.7089642015687327,0.6536008242656103,0.5925946168122782,0.7083159170554669,1.0011,0,True
speaking_skills,m1,gaussian,scale,L0,17,2011,0.3916677371775366,0.0019049408723776737,0.0007782581382991518,1.2309885586567169,,0.24054798751811116,0.19512326915481798,0.28811830278065265,0.001166813900352474,0.0004783283776333467,0.757806870203903,0.8421866792735124,0.8050778650542888,0.8734499149183295,0.8419829251819412,0.8047350446900925,0.8731024428516614,1.0011,0,True
speaking_skills,m1d,gaussian,scale,L0,4,2011,0.23985524317808032,0.00266653110735942,0.001006007540166917,1.2192137148238824,,0.16368321235219602,0.12187240439328527,0.20902940818161694,0.0018145695178878494,0.0006879062094824509,0.8338143119204338,0.43787341228231813,0.35762020819237283,0.5146490045172978,0.4373412544154377,0.3569738371010211,0.5138735688031109,1.0008,0,True
speaking_skills,m1d,gaussian,scale,L0,6,2011,0.23985524317808032,0.00266653110735942,0.001006007540166917,1.2192137148238824,,0.16368321235219602,0.12187240439328527,0.20902940818161694,0.0018145695178878494,0.0006879062094824509,0.8338143119204338,0.5381802817473444,0.4550608361140365,0.6139811205363915,0.5376429189530354,0.45436291811734436,0.6132451231955781,1.0008,0,True
speaking_skills,m1d,gaussian,scale,L0,17,2011,0.23985524317808032,0.00266653110735942,0.001006007540166917,1.2192137148238824,,0.16368321235219602,0.12187240439328527,0.20902940818161694,0.0018145695178878494,0.0006879062094824509,0.8338143119204338,0.7664505240194394,0.7029135676627123,0.8183980719134504,0.766062631538746,0.702325436382251,0.8179362510893405,1.0008,0,True
speaking_skills,m0_filt,gaussian,scale,L0,4,1920,0.4119365328708351,0.0019879677560412693,0.000844301689717121,1.230555370160007,,0.24989388192659748,0.20337074145319928,0.2995980162185027,0.0012025514524178138,0.000513407956228624,0.7483901586647562,0.5703320579369667,0.5055607258559337,0.6316669478956142,0.5699395483145939,0.5052337052126888,0.6311332530884304,1.0015,0,True
speaking_skills,m0_filt,gaussian,scale,L0,6,1920,0.4119365328708351,0.0019879677560412693,0.000844301689717121,1.230555370160007,,0.24989388192659748,0.20337074145319928,0.2995980162185027,0.0012025514524178138,0.000513407956228624,0.7483901586647562,0.6653056235027078,0.6053264491271902,0.720076240820387,0.6649492570431011,0.6050138604019125,0.719613785064842,1.0015,0,True
speaking_skills,m0_filt,gaussian,scale,L0,17,1920,0.4119365328708351,0.0019879677560412693,0.000844301689717121,1.230555370160007,,0.24989388192659748,0.20337074145319928,0.2995980162185027,0.0012025514524178138,0.000513407956228624,0.7483901586647562,0.8488093529897497,0.8129301026883224,0.8793504758435484,0.8486041373747867,0.81273107161785,0.8791069764930807,1.0015,0,True
speaking_skills,m0_robust,t,scale,L0,4,2011,0.2826106669499741,0.0147490583875786,0.027453939625820545,0.2949028333297946,2.452667818232093,0.4556367189875797,0.3907343300475573,0.5231430105799904,0.02326253694239048,0.04422731607709634,0.4768734279929335,0.7767536145863934,0.7294705950202295,0.8190868738467456,0.7690003328804716,0.719517157089483,0.8144113016785933,1.0139,1,True
speaking_skills,m0_robust,t,scale,L0,6,2011,0.2826106669499741,0.0147490583875786,0.027453939625820545,0.2949028333297946,2.452667818232093,0.4556367189875797,0.3907343300475573,0.5231430105799904,0.02326253694239048,0.04422731607709634,0.4768734279929335,0.8390591244616059,0.8017715190079657,0.8716512582139091,0.8329902947638574,0.7937259986090075,0.8681154398353437,1.0139,1,True
speaking_skills,m0_robust,t,scale,L0,17,2011,0.2826106669499741,0.0147490583875786,0.027453939625820545,0.2949028333297946,2.452667818232093,0.4556367189875797,0.3907343300475573,0.5231430105799904,0.02326253694239048,0.04422731607709634,0.4768734279929335,0.9364948298983393,0.9197427745430442,0.9505976161226728,0.9337994370107308,0.9159836273193732,0.9491096772242134,1.0139,1,True
speaking_skills,m0_robust,t,marginal,L0,4,2011,0.2826106669499741,0.0147490583875786,0.027453939625820545,1.9455809538400144,2.452667818232093,0.14144629317160415,0.06102531721631752,0.20929739703508743,,,0.8376619869609598,0.39318304164062884,0.20747029402235495,0.5172095466423358,0.3911194092969532,0.2063276340105346,0.5142782749378956,1.0139,1,True
speaking_skills,m0_robust,t,marginal,L0,6,2011,0.2826106669499741,0.0147490583875786,0.027453939625820545,1.9455809538400144,2.452667818232093,0.14144629317160415,0.06102531721631752,0.20929739703508743,,,0.8376619869609598,0.49007247921490615,0.2819566034580696,0.6164082118236898,0.4879452995296985,0.2805489467559749,0.6136293027079184,1.0139,1,True
speaking_skills,m0_robust,t,marginal,L0,17,2011,0.2826106669499741,0.0147490583875786,0.027453939625820545,1.9455809538400144,2.452667818232093,0.14144629317160415,0.06102531721631752,0.20929739703508743,,,0.8376619869609598,0.7249815425610033,0.5266438945693809,0.8199168655617531,0.7233518447345006,0.5249077476293162,0.818177387691349,1.0139,1,True
confidence_score,m0,gaussian,scale,L0,4,2011,0.3380431251150352,0.0012968443999116417,0.0005494293221457771,0.8366565336466779,,0.2867955492971515,0.23982143481079202,0.33700341242731857,0.001099158871460186,0.0004672754775368848,0.7116380163538513,0.6158808879020045,0.5583936847768315,0.6704380021435656,0.6155165154211684,0.5578980247471095,0.6703166521519023,1.0021,0,True
confidence_score,m0,gaussian,scale,L0,6,2011,0.3380431251150352,0.0012968443999116417,0.0005494293221457771,0.8366565336466779,,0.2867955492971515,0.23982143481079202,0.33700341242731857,0.001099158871460186,0.0004672754775368848,0.7116380163538513,0.7060478047197991,0.6547784505677382,0.7531775703074456,0.7057280039294241,0.6543240027457774,0.753075465725028,1.0021,0,True
confidence_score,m0,gaussian,scale,L0,17,2011,0.3380431251150352,0.0012968443999116417,0.0005494293221457771,0.8366565336466779,,0.2867955492971515,0.23982143481079202,0.33700341242731857,0.001099158871460186,0.0004672754775368848,0.7116380163538513,0.871616291193729,0.8431115752195489,0.8963290567850227,0.8714436106453648,0.8428455448890687,0.8962780155666228,1.0021,0,True
confidence_score,m1,gaussian,scale,L0,4,2011,0.31838802307276937,0.0013942064166738394,0.0005310216819454942,0.836194635344478,,0.2747755996817001,0.2287073597383256,0.32463863900789225,0.001200544752166927,0.00045903766166834216,0.7235648179044645,0.6016523788380682,0.5427948076931197,0.6584810291950186,0.6012558405750899,0.5425641746634673,0.6578570763290656,1.0043,0,True
confidence_score,m1,gaussian,scale,L0,6,2011,0.31838802307276937,0.0013942064166738394,0.0005310216819454942,0.836194635344478,,0.2747755996817001,0.2287073597383256,0.32463863900789225,0.001200544752166927,0.00045903766166834216,0.7235648179044645,0.6934705077561066,0.6403915951539743,0.7430721024062047,0.6931188228406979,0.6401775570426004,0.7425422706135972,1.0043,0,True
confidence_score,m1,gaussian,scale,L0,17,2011,0.31838802307276937,0.0013942064166738394,0.0005310216819454942,0.836194635344478,,0.2747755996817001,0.2287073597383256,0.32463863900789225,0.001200544752166927,0.00045903766166834216,0.7235648179044645,0.8647347014153501,0.8345906502475927,0.8912381906611223,0.8645410891935094,0.8344623194794621,0.8909690713149189,1.0043,0,True
confidence_score,m1d,gaussian,scale,L0,4,2011,0.22179627086597423,0.001636260541833465,0.0006532847938983472,0.8341970227845495,,0.20919054225303865,0.16369341394240708,0.25898107401036574,0.001541546688611622,0.0006172841736931708,0.7886506268846566,0.512972439413257,0.43926243426101214,0.5836574629642334,0.5124869195346373,0.4391270417129432,0.5829810897706241,1.0013,0,True
confidence_score,m1d,gaussian,scale,L0,6,2011,0.22179627086597423,0.001636260541833465,0.0006532847938983472,0.8341970227845495,,0.20919054225303865,0.16369341394240708,0.25898107401036574,0.001541546688611622,0.0006172841736931708,0.7886506268846566,0.6118820398037953,0.5402400677296242,0.6777107311863109,0.6114202362659621,0.5401035298599868,0.6771026223295769,1.0013,0,True
confidence_score,m1d,gaussian,scale,L0,17,2011,0.22179627086597423,0.001636260541833465,0.0006532847938983472,0.8341970227845495,,0.20919054225303865,0.16369341394240708,0.25898107401036574,0.001541546688611622,0.0006172841736931708,0.7886506268846566,0.8164133380514371,0.7690159443617456,0.8562793187050494,0.8161210197587366,0.7689182864772609,0.8559365181383272,1.0013,0,True
confidence_score,m0_filt,gaussian,scale,L0,4,1920,0.33650220981439666,0.001408865106506712,0.0006113939970150195,0.8576199282946315,,0.28081276557326296,0.23303959594029725,0.33058546090242846,0.0011729584458290477,0.000511486328037729,0.7175027896528702,0.6088294688131852,0.5488241369357384,0.6644927507492855,0.6084412896295034,0.5486128399152692,0.6639074208137872,1.004,0,True
confidence_score,m0_filt,gaussian,scale,L0,6,1920,0.33650220981439666,0.001408865106506712,0.0006113939970150195,0.8576199282946315,,0.28081276557326296,0.23303959594029725,0.33058546090242846,0.0011729584458290477,0.000511486328037729,0.7175027896528702,0.6998193559747945,0.6459733281848576,0.7481642618311615,0.699477091538067,0.6457781636641491,0.7476694748049962,1.004,0,True
confidence_score,m0_filt,gaussian,scale,L0,17,1920,0.33650220981439666,0.001408865106506712,0.0006113939970150195,0.8576199282946315,,0.28081276557326296,0.23303959594029725,0.33058546090242846,0.0011729584458290477,0.000511486328037729,0.7175027896528702,0.8682126917297157,0.8379209839821934,0.8938134267869754,0.868026292861228,0.8378050658771592,0.8935640898705787,1.004,0,True
confidence_score,m0_robust,t,scale,L0,4,2011,0.2671818893139171,0.0014762214331856657,0.0009389511715313418,0.2945917758538319,2.9699175299850387,0.47287394873773847,0.4086363696807164,0.5341035132000516,0.002608664019415489,0.0016663863746534718,0.5228510008681925,0.78203723026774,0.7354404965163195,0.8217317268689588,0.7811906574593576,0.7343271437933969,0.8209681435178567,1.0044,0,True
confidence_score,m0_robust,t,scale,L0,6,2011,0.2671818893139171,0.0014762214331856657,0.0009389511715313418,0.2945917758538319,2.9699175299850387,0.47287394873773847,0.4086363696807164,0.5341035132000516,0.002608664019415489,0.0016663863746534718,0.5228510008681925,0.8431726091253541,0.8065689940452475,0.8736461929151117,0.8425161490788138,0.8056758812887763,0.8730706286691572,1.0044,0,True
confidence_score,m0_robust,t,scale,L0,17,2011,0.2671818893139171,0.0014762214331856657,0.0009389511715313418,0.2945917758538319,2.9699175299850387,0.47287394873773847,0.4086363696807164,0.5341035132000516,0.002608664019415489,0.0016663863746534718,0.5228510008681925,0.9383060724186103,0.9219630292309351,0.9514338506446504,0.9380188143940767,0.9215508941465537,0.9511928277208902,1.0044,0,True
confidence_score,m0_robust,t,marginal,L0,4,2011,0.2671818893139171,0.0014762214331856657,0.0009389511715313418,0.9371981585160095,2.9699175299850387,0.2238002182465737,0.16126860579248906,0.28264813647605125,0.0012260069091779,0.000780354649559365,0.774193420194689,0.5335784190445764,0.43544925830072984,0.6122339309479735,0.5331864213568355,0.4347431554285119,0.6118109069994032,1.0044,0,True
confidence_score,m0_robust,t,marginal,L0,6,2011,0.2671818893139171,0.0014762214331856657,0.0009389511715313418,0.9371981585160095,2.9699175299850387,0.2238002182465737,0.16126860579248906,0.28264813647605125,0.0012260069091779,0.000780354649559365,0.774193420194689,0.6310753509052301,0.5363888271353353,0.7031153569644293,0.6307096536024842,0.5356743537109958,0.7027433402025267,1.0044,0,True
confidence_score,m0_robust,t,marginal,L0,17,2011,0.2671818893139171,0.0014762214331856657,0.0009389511715313418,0.9371981585160095,2.9699175299850387,0.2238002182465737,0.16126860579248906,0.28264813647605125,0.0012260069091779,0.000780354649559365,0.774193420194689,0.8280308862153231,0.7662519079352964,0.8703019528896054,0.8278080590101606,0.7657369675616097,0.8701007282349772,1.0044,0,True
facial_expression,m0,gaussian,scale,L0,4,2011,0.3596344735451852,0.0015070687747635678,0.0006216587861150841,0.9803552427871641,,0.2674851723289205,0.2233247142784975,0.3156335990084064,0.0011174225401733863,0.00046332181223641077,0.7309340833186697,0.5927863213471064,0.535017428105939,0.6489104077718563,0.5924183944785137,0.5349177775872342,0.6484841945263614,1.0016,0,True
facial_expression,m0,gaussian,scale,L0,6,2011,0.3596344735451852,0.0015070687747635678,0.0006216587861150841,0.9803552427871641,,0.2674851723289205,0.2233247142784975,0.3156335990084064,0.0011174225401733863,0.00046332181223641077,0.7309340833186697,0.685584988151379,0.633152366734148,0.7349177297964775,0.6852566105808726,0.6330593232451904,0.7345532162674241,1.0016,0,True
facial_expression,m0,gaussian,scale,L0,17,2011,0.3596344735451852,0.0015070687747635678,0.0006216587861150841,0.9803552427871641,,0.2674851723289205,0.2233247142784975,0.3156335990084064,0.0011174225401733863,0.00046332181223641077,0.7309340833186697,0.8603697657314329,0.8302243886533432,0.8870716493964353,0.8601868190956723,0.8301679213423463,0.8868841586700785,1.0016,0,True
facial_expression,m1,gaussian,scale,L0,4,2011,0.3389883789201317,0.0015060278227860022,0.0006247353377066389,0.9794157824700651,,0.25624452901692724,0.2100129067064343,0.30649278448745043,0.0011369631930059736,0.00047290631647168104,0.7421456014735952,0.5785616213910137,0.5155464313290397,0.6393998048928043,0.5781896843420693,0.5153568528318994,0.6387001456749059,1.001,0,True
facial_expression,m1,gaussian,scale,L0,6,2011,0.3389883789201317,0.0015060278227860022,0.0006247353377066389,0.9794157824700651,,0.25624452901692724,0.2100129067064343,0.30649278448745043,0.0011369631930059736,0.00047290631647168104,0.7421456014735952,0.6727754530056613,0.6148323381050796,0.7267559121715947,0.6724391420476155,0.6146525713790045,0.7261531514233575,1.001,0,True
facial_expression,m1,gaussian,scale,L0,17,2011,0.3389883789201317,0.0015060278227860022,0.0006247353377066389,0.9794157824700651,,0.25624452901692724,0.2100129067064343,0.30649278448745043,0.0011369631930059736,0.00047290631647168104,0.7421456014735952,0.8531094567565953,0.8189314600378328,0.8828478183952724,0.8529173310977017,0.8188188797008499,0.882533729992681,1.001,0,True
facial_expression,m1d,gaussian,scale,L0,4,2011,0.21535538564051032,0.001885375099495219,0.0008013040777694492,0.9827984788671937,,0.17902417474376023,0.13621729997243376,0.2267717452407626,0.0015635219854583187,0.0006674284185317136,0.8187448748522497,0.4645595480717194,0.3875762746440642,0.5405223151179708,0.4640872718804188,0.3868018776335406,0.5398314325784744,1.0014,0,True
facial_expression,m1d,gaussian,scale,L0,6,2011,0.21535538564051032,0.001885375099495219,0.0008013040777694492,0.9827984788671937,,0.17902417474376023,0.13621729997243376,0.2267717452407626,0.0015635219854583187,0.0006674284185317136,0.8187448748522497,0.5648606209501428,0.4869912788505069,0.6382809295214058,0.5643939753285605,0.48617593430160616,0.6376384971566027,1.0014,0,True
facial_expression,m1d,gaussian,scale,L0,17,2011,0.21535538564051032,0.001885375099495219,0.0008013040777694492,0.9827984788671937,,0.17902417474376023,0.13621729997243376,0.2267717452407626,0.0015635219854583187,0.0006674284185317136,0.8187448748522497,0.7852805939164463,0.72897082567166,0.8333231404555531,0.784960000790041,0.7283255218413986,0.8329364456348765,1.0014,0,True
facial_expression,m0_filt,gaussian,scale,L0,4,1920,0.35888113642999736,0.001693883812986585,0.0007121606582779923,0.9996343847360197,,0.26320565872661766,0.2170073570474907,0.3136414047663336,0.0012389189707316332,0.0005225872697719053,0.7350328350328788,0.587369815506742,0.5263515730081819,0.6469327727710277,0.5869627682894091,0.5257527672008081,0.6463753759409174,1.0025,0,True
facial_expression,m0_filt,gaussian,scale,L0,6,1920,0.35888113642999736,0.001693883812986585,0.0007121606582779923,0.9996343847360197,,0.26320565872661766,0.2170073570474907,0.3136414047663336,0.0012389189707316332,0.0005225872697719053,0.7350328350328788,0.6806968485377745,0.6250336396622481,0.733225391381467,0.6803317927193411,0.6244705814113899,0.7327479485103675,1.0025,0,True
facial_expression,m0_filt,gaussian,scale,L0,17,1920,0.35888113642999736,0.001693883812986585,0.0007121606582779923,0.9996343847360197,,0.26320565872661766,0.2170073570474907,0.3136414047663336,0.0012389189707316332,0.0005225872697719053,0.7350328350328788,0.8575875775341695,0.8252634170922413,0.8862002767795792,0.8573822758370973,0.8249168044134971,0.8859540276242592,1.0025,0,True
facial_expression,m0_robust,t,scale,L0,4,2011,0.2701474058213188,0.0015700712328727603,0.0010672855930363967,0.3330638060494921,3.05682286191208,0.44519601096579653,0.38560708954141715,0.5054903537585557,0.0025852012065094875,0.0017633082729702214,0.5504554795547237,0.7623982803166476,0.7165992526106315,0.8042953028984647,0.7615502993957772,0.7151396272820961,0.8034908271169571,1.0026,0,True
facial_expression,m0_robust,t,scale,L0,6,2011,0.2701474058213188,0.0015700712328727603,0.0010672855930363967,0.3330638060494921,3.05682286191208,0.44519601096579653,0.38560708954141715,0.5054903537585557,0.0025852012065094875,0.0017633082729702214,0.5504554795547237,0.8278265595327742,0.7913562354705663,0.8604250437417784,0.827158237517077,0.7901688960254736,0.8598110819339795,1.0026,0,True
facial_expression,m0_robust,t,scale,L0,17,2011,0.2701474058213188,0.0015700712328727603,0.0010672855930363967,0.3330638060494921,3.05682286191208,0.44519601096579653,0.38560708954141715,0.5054903537585557,0.0025852012065094875,0.0017633082729702214,0.5504554795547237,0.9315090531532613,0.9148677648559772,0.9458475712153348,0.9312090019085788,0.9143071872753986,0.945585602378483,1.0026,0,True
facial_expression,m0_robust,t,marginal,L0,4,2011,0.2701474058213188,0.0015700712328727603,0.0010672855930363967,0.9922234971231912,3.05682286191208,0.21528936034248622,0.16231332114541067,0.2717047407351277,0.0012464634632173733,0.0008478731362638884,0.7826163030580326,0.5214709694302528,0.43689331896252603,0.5994734309995778,0.5210758846676601,0.4366371872810171,0.5987606407363976,1.0026,0,True
facial_expression,m0_robust,t,marginal,L0,6,2011,0.2701474058213188,0.0015700712328727603,0.0010672855930363967,0.9922234971231912,3.05682286191208,0.21528936034248622,0.16231332114541067,0.2717047407351277,0.0012464634632173733,0.0008478731362638884,0.7826163030580326,0.6197759486847615,0.5378487218385944,0.6918402286966925,0.6194031855030339,0.5375899078835407,0.6912071435475795,1.0026,0,True
facial_expression,m0_robust,t,marginal,L0,17,2011,0.2701474058213188,0.0015700712328727603,0.0010672855930363967,0.9922234971231912,3.05682286191208,0.21528936034248622,0.16231332114541067,0.2717047407351277,0.0012464634632173733,0.0008478731362638884,0.7826163030580326,0.8211585157388758,0.7673019892112629,0.8641494723022841,0.8209262533181828,0.7671160344311666,0.8638006901130202,1.0026,0,True
overall_performance,m0,gaussian,scale,L0,4,2011,0.398231387799836,0.0016018834111309796,0.0006618781172155296,1.0529057652289449,,0.2734923208025052,0.22732236948250892,0.32362955920501374,0.0010986494616801222,0.00045517301851380454,0.7249538567173008,0.6000995158648506,0.540755719402195,0.6570554321559784,0.5997370294243751,0.5406107363422613,0.6568195614053781,1.0004,0,True
overall_performance,m0,gaussian,scale,L0,6,2011,0.398231387799836,0.0016018834111309796,0.0006618781172155296,1.0529057652289449,,0.2734923208025052,0.22732236948250892,0.32362955920501374,0.0010986494616801222,0.00045517301851380454,0.7249538567173008,0.6920982644289907,0.6384978869738956,0.7418611863500656,0.6917762223232894,0.6383631248267378,0.741660710737491,1.0004,0,True
overall_performance,m0,gaussian,scale,L0,17,2011,0.398231387799836,0.0016018834111309796,0.0006618781172155296,1.0529057652289449,,0.2734923208025052,0.22732236948250892,0.32362955920501374,0.0010986494616801222,0.00045517301851380454,0.7249538567173008,0.863983961692505,0.8334536376889575,0.8906228003143539,0.8638060612407015,0.8333725855367947,0.890520806958732,1.0004,0,True
overall_performance,m1,gaussian,scale,L0,4,2011,0.379107283092803,0.0015654418668007227,0.0006511127112632776,1.0544549366807163,,0.2635749745108635,0.21587850884094767,0.3121126099006997,0.001086519938866701,0.00045333936948484575,0.734885166180785,0.5878282678421206,0.5248002440557115,0.6448253299909977,0.5874711935229489,0.5240928718003938,0.6447482563679441,1.0013,0,True
overall_performance,m1,gaussian,scale,L0,6,2011,0.379107283092803,0.0015654418668007227,0.0006511127112632776,1.0544549366807163,,0.2635749745108635,0.21587850884094767,0.3121126099006997,0.001086519938866701,0.00045333936948484575,0.734885166180785,0.6811202233441666,0.6235743741221695,0.7314191859550349,0.6808002045459557,0.6229083853034454,0.7313530746818246,1.0013,0,True
overall_performance,m1,gaussian,scale,L0,17,2011,0.379107283092803,0.0015654418668007227,0.0006511127112632776,1.0544549366807163,,0.2635749745108635,0.21587850884094767,0.3121126099006997,0.001086519938866701,0.00045333936948484575,0.734885166180785,0.8578388495147685,0.8243644230382864,0.88526772672096,0.8576591084107711,0.8239533880847885,0.8852335432149141,1.0013,0,True
overall_performance,m1d,gaussian,scale,L0,4,2011,0.21475953709397355,0.0023613773244145434,0.0008905450294364941,1.0493308961547365,,0.16916030131925863,0.1263919908448604,0.21502664918172595,0.0018577676555440767,0.0007023525799140268,0.8282795784452833,0.44759808104450166,0.36696601251732797,0.5236114536680353,0.4470463833973187,0.36657248351397953,0.5228357349867178,1.0012,0,True
overall_performance,m1d,gaussian,scale,L0,6,2011,0.21475953709397355,0.0023613773244145434,0.0008905450294364941,1.0493308961547365,,0.16916030131925863,0.1263919908448604,0.21502664918172595,0.0018577676555440767,0.0007023525799140268,0.8282795784452833,0.5479577512306412,0.4651093558882137,0.6224549180442394,0.547405563615973,0.46468783726550467,0.6217238709059008,1.0012,0,True
overall_performance,m1d,gaussian,scale,L0,17,2011,0.21475953709397355,0.0023613773244145434,0.0008905450294364941,1.0493308961547365,,0.16916030131925863,0.1263919908448604,0.21502664918172595,0.0018577676555440767,0.0007023525799140268,0.8282795784452833,0.7734384253257557,0.7112913564219646,0.8236732488634252,0.7730478808552523,0.710943270299805,0.8232211676113268,1.0012,0,True
overall_performance,m0_filt,gaussian,scale,L0,4,1920,0.39805166981759127,0.0016883746441257457,0.000742976370165638,1.0836452098332066,,0.26771926063739065,0.22032347250042505,0.31681958581951475,0.0011338083898674047,0.0005010609865396602,0.7306458699862023,0.5930340935105588,0.5308964419929407,0.650069426355691,0.5926607743205977,0.5305897568707397,0.6497334730880441,1.003,0,True
overall_performance,m0_filt,gaussian,scale,L0,6,1920,0.39805166981759127,0.0016883746441257457,0.000742976370165638,1.0836452098332066,,0.26771926063739065,0.22032347250042505,0.31681958581951475,0.0011338083898674047,0.0005010609865396602,0.7306458699862023,0.6857935856890282,0.6292984965171224,0.7359083726778668,0.685460385146904,0.6290111885128061,0.735621313938798,1.003,0,True
overall_performance,m0_filt,gaussian,scale,L0,17,1920,0.39805166981759127,0.0016883746441257457,0.000742976370165638,1.0836452098332066,,0.26771926063739065,0.22032347250042505,0.31681958581951475,0.0011338083898674047,0.0005010609865396602,0.7306458699862023,0.8604720251651873,0.8278780194923827,0.8875806560998831,0.8602863662083899,0.8277024797841047,0.887433242094668,1.003,0,True
overall_performance,m0_robust,t,scale,L0,4,2011,0.30767382126671494,0.001328798698750808,0.0017933023816351168,0.3220775251063311,2.8363589552315833,0.4854191422516649,0.4232877660840177,0.5480361991343438,0.0020953332649703443,0.002835654843741661,0.5096498696396231,0.7903868151697697,0.7466872442287095,0.82936571675034,0.7897104713295157,0.7459264465980059,0.8290676097847964,1.0021,0,True
overall_performance,m0_robust,t,scale,L0,6,2011,0.30767382126671494,0.001328798698750808,0.0017933023816351168,0.3220775251063311,2.8363589552315833,0.4854191422516649,0.4232877660840177,0.5480361991343438,0.0020953332649703443,0.002835654843741661,0.5096498696396231,0.8496409226783698,0.8155503460094585,0.8793833668971028,0.8491193929049035,0.8149451135389563,0.8791599113829187,1.0021,0,True
overall_performance,m0_robust,t,scale,L0,17,2011,0.30767382126671494,0.001328798698750808,0.0017933023816351168,0.3220775251063311,2.8363589552315833,0.4854191422516649,0.4232877660840177,0.5480361991343438,0.0020953332649703443,0.002835654843741661,0.5096498696396231,0.9411323557159285,0.9260774866369441,0.9538257016917954,0.9409061353353687,0.9258019301078,0.9537329027038877,1.0021,0,True
overall_performance,m0_robust,t,marginal,L0,4,2011,0.30767382126671494,0.001328798698750808,0.0017933023816351168,1.143480377619223,2.8363589552315833,0.21486873114222793,0.15042237853951215,0.2755797450603114,0.0009244492591376589,0.0012448352025854557,0.782961984396049,0.5201500378862323,0.4146873623809983,0.6035942832675627,0.5198569692271139,0.41459596549673733,0.6034352898525082,1.0021,0,True
overall_performance,m0_robust,t,marginal,L0,6,2011,0.30767382126671494,0.001328798698750808,0.0017933023816351168,1.143480377619223,2.8363589552315833,0.21486873114222793,0.15042237853951215,0.2755797450603114,0.0009244492591376589,0.0012448352025854557,0.782961984396049,0.6183175054692529,0.5152062732557035,0.6954934744241271,0.618041594527919,0.5151122194211151,0.6953527346325732,1.0021,0,True
overall_performance,m0_robust,t,marginal,L0,17,2011,0.30767382126671494,0.001328798698750808,0.0017933023816351168,1.143480377619223,2.8363589552315833,0.21486873114222793,0.15042237853951215,0.2755797450603114,0.0009244492591376589,0.0012448352025854557,0.782961984396049,0.8199391460189721,0.7506903762402003,0.8661551705181237,0.8197677863078696,0.7506198947608275,0.8660781181377324,1.0021,0,True
