response_id,user_no,question_id,gender
1,147,1,0
2,82,1,0
3,103,1,1
4,277,1,0
5,258,1,1
6,314,1,1
7,57,1,1
8,3,1,0
9,163,1,0
10,101,1,1
11,189,1,1
12,144,1,0
13,314,1,1
14,245,1,1
15,219,1,1
16,154,1,1
17,323,1,1
18,295,1,1
19,180,1,0
20,31,1,1
21,247,1,1
22,156,1,0
23,164,1,0
24,249,1,1
25,315,1,1
26,235,1,1
27,137,1,0
28,232,1,1
29,281,1,1
30,214,1,1
31,138,1,0
32,157,1,1
33,29,1,1
34,16,1,1
35,219,1,1
36,131,1,1
37,161,1,0
38,56,1,1
39,216,1,1
40,330,1,1
41,133,1,1
42,119,1,1
43,111,1,1
44,268,1,1
45,78,1,1
46,153,1,1
47,163,1,0
48,300,1,1
49,94,1,1
50,223,1,1
51,302,1,1
52,22,1,1
53,163,1,0
54,159,1,1
55,260,1,1
56,288,1,1
57,56,1,1
58,162,1,0
59,169,1,1
60,79,1,1
61,304,1,1
62,220,1,0
63,125,1,1
64,297,1,1
65,16,1,1
66,90,1,1
67,294,1,1
68,72,1,1
69,265,1,1
70,222,1,1
71,45,1,1
72,39,1,1
73,265,1,1
74,96,1,1
75,5,1,1
76,30,1,0
77,245,1,1
78,49,1,1
79,212,1,0
80,25,1,1
81,294,1,1
82,90,1,1
83,42,1,1
84,200,1,0
85,230,1,1
86,261,1,1
87,41,1,1
88,239,1,1
89,271,1,0
90,308,1,1
91,121,1,1
92,67,1,1
93,86,1,1
94,91,1,1
95,166,1,1
96,253,1,1
97,61,1,1
98,97,1,0
99,301,1,1
100,150,1,1
101,327,1,1
102,280,1,0
103,304,1,1
104,317,1,1
105,165,1,1
106,301,1,1
107,163,1,0
108,93,1,1
109,208,1,1
110,254,1,1
111,175,1,1
112,148,1,0
113,64,1,0
114,7,1,1
115,2,1,1
116,283,1,1
117,112,1,1
118,129,1,1
119,190,1,0
120,300,1,1
121,55,1,0
122,320,1,1
123,59,1,1
124,310,1,1
125,308,1,1
126,170,1,1
127,59,1,1
128,77,1,1
129,201,1,1
130,142,1,1
131,12,1,0
132,37,1,0
133,223,1,1
134,160,1,1
135,34,1,1
136,173,1,1
137,231,1,1
138,246,1,1
139,244,1,1
140,15,1,1
141,196,1,1
142,292,1,1
143,73,1,1
144,238,1,0
145,277,1,0
146,58,1,1
147,12,1,0
148,196,1,1
149,19,1,1
150,276,1,1
151,274,1,0
152,202,1,1
153,85,1,1
154,279,1,1
155,193,1,1
156,177,1,0
157,241,1,1
158,209,1,1
159,311,1,1
160,325,1,1
161,26,1,0
162,270,1,1
163,127,1,1
164,89,1,1
165,70,1,0
166,263,1,1
167,146,1,1
168,298,1,1
169,114,1,1
170,236,1,1
171,326,1,1
172,27,1,1
173,54,1,1
174,188,1,0
175,4,1,1
176,130,1,0
177,299,1,0
178,184,1,1
179,273,1,1
180,192,1,1
181,54,1,1
182,322,1,1
183,205,1,1
184,13,1,1
185,136,1,1
186,98,1,1
187,316,1,1
188,124,1,1
189,65,1,1
190,252,1,0
191,83,1,0
192,35,1,1
193,207,1,1
194,328,76,1
195,273,76,1
196,108,76,1
197,275,76,1
198,240,76,1
199,303,76,1
200,210,76,0
201,46,76,1
202,329,76,0
203,50,76,1
204,266,76,1
205,40,76,1
206,100,76,1
207,312,76,1
208,194,76,1
209,212,76,0
210,266,76,1
211,225,76,1
212,284,76,1
213,320,76,1
214,222,76,1
215,111,76,1
216,106,76,1
217,28,76,1
218,99,76,1
219,34,76,1
220,296,76,1
221,314,76,1
222,21,76,0
223,319,76,1
224,24,76,1
225,256,76,1
226,46,76,1
227,331,76,0
228,32,76,1
229,313,76,1
230,306,76,1
231,95,76,0
232,326,76,1
233,8,76,1
234,145,76,0
235,237,76,0
236,305,76,1
237,68,76,1
238,172,76,0
239,18,76,1
240,33,76,1
241,145,76,0
242,115,76,1
243,309,76,1
244,259,76,1
245,6,76,1
246,80,76,0
247,38,76,0
248,179,76,1
249,218,76,1
250,23,76,1
251,243,76,0
252,213,76,1
253,107,76,1
254,123,76,1
255,248,76,1
256,132,76,1
257,17,76,0
258,183,76,1
259,234,76,0
260,118,76,0
261,10,76,1
262,105,76,1
263,272,76,1
264,63,76,1
265,185,76,1
266,51,76,0
267,36,76,0
268,11,76,1
269,1,76,0
270,121,76,1
271,152,76,1
272,227,76,1
273,204,76,0
274,197,76,1
275,147,76,0
276,257,76,1
277,217,76,1
278,92,76,1
279,321,76,0
280,151,76,1
281,171,76,1
282,134,76,1
283,81,76,0
284,219,76,1
285,233,76,1
286,88,76,1
287,3,76,0
288,251,76,1
289,87,76,1
290,233,76,1
291,267,76,1
292,269,76,0
293,331,76,0
294,104,76,0
295,47,76,1
296,215,76,1
297,128,76,0
298,228,76,0
299,9,76,1
300,289,76,0
301,223,76,1
302,306,76,1
303,251,76,1
304,186,76,0
305,300,76,1
306,191,76,1
307,242,76,1
308,250,76,0
309,135,76,1
310,143,76,1
311,330,76,1
312,116,76,1
313,174,76,1
314,296,76,1
315,102,76,0
316,285,76,1
317,158,76,0
318,167,76,1
319,282,76,1
320,307,76,1
321,174,76,1
322,135,76,1
323,299,76,0
324,149,76,0
325,287,76,0
326,110,76,1
327,264,76,1
328,291,76,0
329,181,76,1
330,324,76,1
331,318,76,0
332,226,76,1
333,66,76,0
334,144,76,0
335,211,76,1
336,120,76,1
337,195,76,1
338,221,76,1
339,14,76,0
340,199,76,0
341,109,76,1
342,43,76,1
343,71,76,1
344,178,76,1
345,52,76,1
346,122,76,1
347,62,76,1
348,140,76,1
349,33,76,1
350,187,76,1
351,156,76,0
352,141,76,0
353,155,76,1
354,20,76,1
355,224,76,1
356,262,76,1
357,117,76,1
358,226,76,1
359,294,76,1
360,318,76,0
361,182,76,1
362,278,76,1
363,198,76,1
364,203,76,1
365,44,76,1
366,294,76,1
367,75,76,1
368,331,76,0
369,294,76,1
370,293,76,1
371,53,76,1
372,286,76,0
373,229,76,0
374,168,76,1
375,69,76,1
376,74,76,1
377,48,76,1
378,255,76,1
379,126,76,1
380,290,76,1
381,84,76,0
382,176,76,1
383,206,76,0
384,113,76,1
385,76,76,0
386,70,10,0
387,325,10,1
388,70,10,0
389,89,10,1
390,270,10,1
391,146,10,1
392,27,10,1
393,209,10,1
394,177,10,0
395,326,10,1
396,241,10,1
397,311,10,1
398,26,10,0
399,114,10,1
400,298,10,1
401,193,10,1
402,127,10,1
403,263,10,1
404,193,11,1
405,114,11,1
406,27,11,1
407,209,11,1
408,298,11,1
409,326,11,1
410,241,11,1
411,270,11,1
412,146,11,1
413,70,11,0
414,311,11,1
415,177,11,0
416,263,11,1
417,325,11,1
418,26,11,0
419,127,11,1
420,89,11,1
421,108,12,1
422,322,12,1
423,205,12,1
424,303,12,1
425,35,12,1
426,240,12,1
427,4,12,1
428,207,12,1
429,184,12,1
430,188,12,0
431,136,12,1
432,65,12,1
433,98,12,1
434,13,12,1
435,54,12,1
436,275,12,1
437,316,12,1
438,299,12,0
439,252,12,0
440,328,12,1
441,273,12,1
442,124,12,1
443,192,12,1
444,210,12,0
445,83,12,0
446,136,13,1
447,83,13,0
448,303,13,1
449,273,13,1
450,205,13,1
451,316,13,1
452,205,13,1
453,54,13,1
454,184,13,1
455,275,13,1
456,328,13,1
457,207,13,1
458,4,13,1
459,240,13,1
460,210,13,0
461,188,13,0
462,124,13,1
463,108,13,1
464,35,13,1
465,252,13,0
466,299,13,0
467,65,13,1
468,192,13,1
469,322,13,1
470,98,13,1
471,13,13,1
472,98,14,1
473,303,14,1
474,275,14,1
475,328,14,1
476,184,14,1
477,35,14,1
478,322,14,1
479,299,14,0
480,192,14,1
481,65,14,1
482,124,14,1
483,273,14,1
484,240,14,1
485,188,14,0
486,108,14,1
487,252,14,0
488,83,14,0
489,4,14,1
490,210,14,0
491,54,14,1
492,207,14,1
493,205,14,1
494,13,14,1
495,136,14,1
496,316,14,1
497,192,15,1
498,240,15,1
499,210,15,0
500,35,15,1
501,328,15,1
502,207,15,1
503,299,15,0
504,252,15,0
505,13,15,1
506,65,15,1
507,303,15,1
508,322,15,1
509,188,15,0
510,83,15,0
511,210,15,0
512,136,15,1
513,205,15,1
514,275,15,1
515,192,15,1
516,273,15,1
517,124,15,1
518,54,15,1
519,108,15,1
520,184,15,1
521,4,15,1
522,98,15,1
523,316,15,1
524,4,16,1
525,54,16,1
526,273,16,1
527,35,16,1
528,303,16,1
529,192,16,1
530,240,16,1
531,108,16,1
532,275,16,1
533,252,16,0
534,65,16,1
535,98,16,1
536,136,16,1
537,210,16,0
538,13,16,1
539,316,16,1
540,205,16,1
541,322,16,1
542,184,16,1
543,207,16,1
544,188,16,0
545,83,16,0
546,124,16,1
547,328,16,1
548,299,16,0
549,32,17,1
550,34,17,1
551,212,17,0
552,313,17,1
553,21,17,0
554,306,17,1
555,319,17,1
556,326,17,1
557,50,17,1
558,8,17,1
559,331,17,0
560,106,17,1
561,40,17,1
562,28,17,1
563,100,17,1
564,95,17,0
565,99,17,1
566,46,17,1
567,194,17,1
568,284,17,1
569,296,17,1
570,225,17,1
571,312,17,1
572,314,17,1
573,329,17,0
574,222,17,1
575,266,17,1
576,320,17,1
577,24,17,1
578,256,17,1
579,284,18,1
580,46,18,1
581,222,18,1
582,24,18,1
583,8,18,1
584,40,18,1
585,266,18,1
586,320,18,1
587,314,18,1
588,212,18,0
589,312,18,1
590,319,18,1
591,194,18,1
592,32,18,1
593,95,18,0
594,106,18,1
595,50,18,1
596,326,18,1
597,225,18,1
598,28,18,1
599,306,18,1
600,329,18,0
601,34,18,1
602,296,18,1
603,21,18,0
604,256,18,1
605,99,18,1
606,331,18,0
607,313,18,1
608,100,18,1
609,106,19,1
610,194,19,1
611,313,19,1
612,296,19,1
613,266,19,1
614,95,19,0
615,50,19,1
616,212,19,0
617,225,19,1
618,40,19,1
619,329,19,0
620,319,19,1
621,256,19,1
622,331,19,0
623,24,19,1
624,8,19,1
625,32,19,1
626,46,19,1
627,306,19,1
628,320,19,1
629,284,19,1
630,314,19,1
631,100,19,1
632,21,19,0
633,106,19,1
634,222,19,1
635,312,19,1
636,34,19,1
637,99,19,1
638,28,19,1
639,249,2,1
640,235,2,1
641,164,2,0
642,101,2,1
643,163,2,0
644,144,2,0
645,281,2,1
646,147,2,0
647,154,2,1
648,29,2,1
649,31,2,1
650,315,2,1
651,189,2,1
652,103,2,1
653,214,2,1
654,138,2,0
655,295,2,1
656,323,2,1
657,103,2,1
658,314,2,1
659,137,2,0
660,180,2,0
661,219,2,1
662,232,2,1
663,3,2,0
664,157,2,1
665,258,2,1
666,82,2,0
667,247,2,1
668,212,20,0
669,313,20,1
670,50,20,1
671,32,20,1
672,106,20,1
673,312,20,1
674,319,20,1
675,21,20,0
676,256,20,1
677,225,20,1
678,8,20,1
679,329,20,0
680,34,20,1
681,306,20,1
682,95,20,0
683,100,20,1
684,28,20,1
685,40,20,1
686,99,20,1
687,24,20,1
688,296,20,1
689,46,20,1
690,266,20,1
691,222,20,1
692,331,20,0
693,284,20,1
694,320,20,1
695,194,20,1
696,256,21,1
697,225,21,1
698,50,21,1
699,24,21,1
700,329,21,0
701,46,21,1
702,266,21,1
703,106,21,1
704,28,21,1
705,222,21,1
706,320,21,1
707,32,21,1
708,8,21,1
709,95,21,0
710,331,21,0
711,40,21,1
712,100,21,1
713,284,21,1
714,34,21,1
715,194,21,1
716,313,21,1
717,306,21,1
718,296,21,1
719,212,21,0
720,312,21,1
721,21,21,0
722,99,21,1
723,319,21,1
724,6,22,1
725,68,22,1
726,17,22,0
727,237,22,0
728,248,22,1
729,259,22,1
730,107,22,1
731,309,22,1
732,6,22,1
733,145,22,0
734,179,22,1
735,183,22,1
736,33,22,1
737,38,22,0
738,118,22,0
739,234,22,0
740,18,22,1
741,132,22,1
742,213,22,1
743,243,22,0
744,23,22,1
745,172,22,0
746,218,22,1
747,305,22,1
748,115,22,1
749,80,22,0
750,132,23,1
751,68,23,1
752,38,23,0
753,118,23,0
754,237,23,0
755,18,23,1
756,132,23,1
757,213,23,1
758,248,23,1
759,183,23,1
760,17,23,0
761,23,23,1
762,305,23,1
763,243,23,0
764,259,23,1
765,107,23,1
766,33,23,1
767,80,23,0
768,115,23,1
769,309,23,1
770,172,23,0
771,234,23,0
772,218,23,1
773,6,23,1
774,145,23,0
775,179,23,1
776,309,24,1
777,38,24,0
778,234,24,0
779,237,24,0
780,23,24,1
781,68,24,1
782,107,24,1
783,259,24,1
784,218,24,1
785,18,24,1
786,6,24,1
787,183,24,1
788,17,24,0
789,118,24,0
790,243,24,0
791,33,24,1
792,132,24,1
793,80,24,0
794,115,24,1
795,145,24,0
796,213,24,1
797,305,24,1
798,172,24,0
799,179,24,1
800,248,24,1
801,23,25,1
802,259,25,1
803,183,25,1
804,33,25,1
805,107,25,1
806,132,25,1
807,68,25,1
808,218,25,1
809,248,25,1
810,305,25,1
811,237,25,0
812,18,25,1
813,309,25,1
814,118,25,0
815,172,25,0
816,145,25,0
817,6,25,1
818,243,25,0
819,17,25,0
820,80,25,0
821,234,25,0
822,179,25,1
823,115,25,1
824,38,25,0
825,68,26,1
826,33,26,1
827,68,26,1
828,80,26,0
829,38,26,0
830,172,26,0
831,132,26,1
832,259,26,1
833,305,26,1
834,218,26,1
835,234,26,0
836,243,26,0
837,115,26,1
838,18,26,1
839,248,26,1
840,6,26,1
841,309,26,1
842,115,26,1
843,23,26,1
844,145,26,0
845,68,26,1
846,237,26,0
847,118,26,0
848,107,26,1
849,183,26,1
850,179,26,1
851,272,27,1
852,51,27,0
853,81,27,0
854,11,27,1
855,171,27,1
856,257,27,1
857,139,27,0
858,134,27,1
859,92,27,1
860,197,27,1
861,152,27,1
862,63,27,1
863,1,27,0
864,105,27,1
865,227,27,1
866,36,27,0
867,10,27,1
868,60,27,1
869,151,27,1
870,217,27,1
871,321,27,0
872,204,27,0
873,185,27,1
874,147,27,0
875,43,27,1
876,224,27,1
877,155,27,1
878,187,27,1
879,52,27,1
880,62,27,1
881,140,27,1
882,211,27,1
883,71,27,1
884,14,27,0
885,117,27,1
886,199,27,0
887,141,27,0
888,195,27,1
889,122,27,1
890,226,27,1
891,221,27,1
892,262,27,1
893,120,27,1
894,156,27,0
895,178,27,1
896,20,27,1
897,81,28,0
898,204,28,0
899,11,28,1
900,92,28,1
901,185,28,1
902,227,28,1
903,217,28,1
904,197,28,1
905,134,28,1
906,60,28,1
907,139,28,0
908,63,28,1
909,151,28,1
910,1,28,0
911,257,28,1
912,105,28,1
913,272,28,1
914,185,28,1
915,10,28,1
916,81,28,0
917,171,28,1
918,36,28,0
919,321,28,0
920,10,29,1
921,204,29,0
922,272,29,1
923,321,29,0
924,1,29,0
925,10,29,1
926,227,29,1
927,139,29,0
928,151,29,1
929,60,29,1
930,171,29,1
931,11,29,1
932,92,29,1
933,51,29,0
934,134,29,1
935,197,29,1
936,105,29,1
937,185,29,1
938,63,29,1
939,81,29,0
940,36,29,0
941,217,29,1
942,257,29,1
943,295,3,1
944,164,3,0
945,157,3,1
946,180,3,0
947,232,3,1
948,235,3,1
949,163,3,0
950,281,3,1
951,31,3,1
952,29,3,1
953,147,3,0
954,219,3,1
955,101,3,1
956,314,3,1
957,138,3,0
958,3,3,0
959,247,3,1
960,144,3,0
961,249,3,1
962,315,3,1
963,82,3,0
964,214,3,1
965,137,3,0
966,103,3,1
967,258,3,1
968,189,3,1
969,154,3,1
970,323,3,1
971,92,30,1
972,1,30,0
973,321,30,0
974,197,30,1
975,51,30,0
976,151,30,1
977,92,30,1
978,105,30,1
979,321,30,0
980,217,30,1
981,60,30,1
982,204,30,0
983,171,30,1
984,63,30,1
985,51,30,0
986,10,30,1
987,185,30,1
988,11,30,1
989,134,30,1
990,36,30,0
991,272,30,1
992,81,30,0
993,227,30,1
994,139,30,0
995,257,30,1
996,151,31,1
997,151,31,1
998,51,31,0
999,81,31,0
1000,185,31,1
1001,63,31,1
1002,321,31,0
1003,105,31,1
1004,197,31,1
1005,134,31,1
1006,11,31,1
1007,272,31,1
1008,60,31,1
1009,10,31,1
1010,36,31,0
1011,204,31,0
1012,257,31,1
1013,171,31,1
1014,227,31,1
1015,217,31,1
1016,1,31,0
1017,139,31,0
1018,92,31,1
1019,242,32,1
1020,233,32,1
1021,289,32,0
1022,300,32,1
1023,228,32,0
1024,215,32,1
1025,104,32,0
1026,269,32,0
1027,251,32,1
1028,128,32,0
1029,242,32,1
1030,267,32,1
1031,87,32,1
1032,186,32,0
1033,250,32,0
1034,47,32,1
1035,88,32,1
1036,191,32,1
1037,269,33,0
1038,233,33,1
1039,269,33,0
1040,128,33,0
1041,87,33,1
1042,228,33,0
1043,300,33,1
1044,251,33,1
1045,242,33,1
1046,104,33,0
1047,88,33,1
1048,250,33,0
1049,186,33,0
1050,47,33,1
1051,267,33,1
1052,215,33,1
1053,289,33,0
1054,128,34,0
1055,242,34,1
1056,228,34,0
1057,88,34,1
1058,104,34,0
1059,47,34,1
1060,267,34,1
1061,191,34,1
1062,300,34,1
1063,250,34,0
1064,215,34,1
1065,269,34,0
1066,251,34,1
1067,186,34,0
1068,233,34,1
1069,87,34,1
1070,289,34,0
1071,269,35,0
1072,47,35,1
1073,191,35,1
1074,104,35,0
1075,215,35,1
1076,186,35,0
1077,251,35,1
1078,300,35,1
1079,267,35,1
1080,242,35,1
1081,233,35,1
1082,289,35,0
1083,228,35,0
1084,250,35,0
1085,88,35,1
1086,87,35,1
1087,233,36,1
1088,186,36,0
1089,269,36,0
1090,289,36,0
1091,300,36,1
1092,47,36,1
1093,215,36,1
1094,191,36,1
1095,250,36,0
1096,87,36,1
1097,88,36,1
1098,242,36,1
1099,104,36,0
1100,267,36,1
1101,251,36,1
1102,87,36,1
1103,228,36,0
1104,324,37,1
1105,149,37,0
1106,296,37,1
1107,181,37,1
1108,291,37,0
1109,143,37,1
1110,174,37,1
1111,264,37,1
1112,109,37,1
1113,158,37,0
1114,102,37,0
1115,287,37,0
1116,110,37,1
1117,318,37,0
1118,285,37,1
1119,135,37,1
1120,167,37,1
1121,307,37,1
1122,282,37,1
1123,307,38,1
1124,135,38,1
1125,264,38,1
1126,287,38,0
1127,110,38,1
1128,324,38,1
1129,143,38,1
1130,296,38,1
1131,174,38,1
1132,181,38,1
1133,291,38,0
1134,167,38,1
1135,318,38,0
1136,158,38,0
1137,285,38,1
1138,109,38,1
1139,102,38,0
1140,149,38,0
1141,264,39,1
1142,287,39,0
1143,307,39,1
1144,318,39,0
1145,167,39,1
1146,285,39,1
1147,324,39,1
1148,296,39,1
1149,291,39,0
1150,181,39,1
1151,158,39,0
1152,135,39,1
1153,109,39,1
1154,143,39,1
1155,264,39,1
1156,110,39,1
1157,149,39,0
1158,174,39,1
1159,102,39,0
1160,189,4,1
1161,163,4,0
1162,214,4,1
1163,164,4,0
1164,101,4,1
1165,232,4,1
1166,144,4,0
1167,29,4,1
1168,315,4,1
1169,323,4,1
1170,154,4,1
1171,147,4,0
1172,314,4,1
1173,82,4,0
1174,180,4,0
1175,295,4,1
1176,249,4,1
1177,31,4,1
1178,103,4,1
1179,235,4,1
1180,219,4,1
1181,137,4,0
1182,138,4,0
1183,157,4,1
1184,281,4,1
1185,258,4,1
1186,3,4,0
1187,247,4,1
1188,181,40,1
1189,158,40,0
1190,264,40,1
1191,167,40,1
1192,135,40,1
1193,102,40,0
1194,296,40,1
1195,291,40,0
1196,307,40,1
1197,174,40,1
1198,324,40,1
1199,143,40,1
1200,110,40,1
1201,318,40,0
1202,149,40,0
1203,109,40,1
1204,285,40,1
1205,110,41,1
1206,324,41,1
1207,307,41,1
1208,109,41,1
1209,264,41,1
1210,296,41,1
1211,158,41,0
1212,149,41,0
1213,291,41,0
1214,135,41,1
1215,102,41,0
1216,167,41,1
1217,285,41,1
1218,181,41,1
1219,143,41,1
1220,174,41,1
1221,318,41,0
1222,66,42,0
1223,262,42,1
1224,187,42,1
1225,221,42,1
1226,224,42,1
1227,14,42,0
1228,195,42,1
1229,122,42,1
1230,62,42,1
1231,141,42,0
1232,155,42,1
1233,226,42,1
1234,140,42,1
1235,43,42,1
1236,71,42,1
1237,62,42,1
1238,156,42,0
1239,52,42,1
1240,199,42,0
1241,178,42,1
1242,187,42,1
1243,117,42,1
1244,120,42,1
1245,20,42,1
1246,66,42,0
1247,211,42,1
1248,156,43,0
1249,224,43,1
1250,141,43,0
1251,221,43,1
1252,117,43,1
1253,120,43,1
1254,262,43,1
1255,226,43,1
1256,178,43,1
1257,195,43,1
1258,20,43,1
1259,199,43,0
1260,62,43,1
1261,71,43,1
1262,52,43,1
1263,66,43,0
1264,211,43,1
1265,155,43,1
1266,122,43,1
1267,14,43,0
1268,187,43,1
1269,187,43,1
1270,43,43,1
1271,140,43,1
1272,71,44,1
1273,156,44,0
1274,262,44,1
1275,140,44,1
1276,52,44,1
1277,122,44,1
1278,221,44,1
1279,117,44,1
1280,71,44,1
1281,199,44,0
1282,14,44,0
1283,43,44,1
1284,62,44,1
1285,178,44,1
1286,195,44,1
1287,66,44,0
1288,226,44,1
1289,211,44,1
1290,20,44,1
1291,141,44,0
1292,155,44,1
1293,187,44,1
1294,224,44,1
1295,120,44,1
1296,155,45,1
1297,14,45,0
1298,43,45,1
1299,20,45,1
1300,71,45,1
1301,178,45,1
1302,187,45,1
1303,195,45,1
1304,140,45,1
1305,211,45,1
1306,52,45,1
1307,224,45,1
1308,199,45,0
1309,262,45,1
1310,66,45,0
1311,141,45,0
1312,122,45,1
1313,120,45,1
1314,226,45,1
1315,156,45,0
1316,117,45,1
1317,221,45,1
1318,75,46,1
1319,84,46,0
1320,331,46,0
1321,318,46,0
1322,75,46,1
1323,286,46,0
1324,76,46,0
1325,44,46,1
1326,290,46,1
1327,203,46,1
1328,198,46,1
1329,229,46,0
1330,278,46,1
1331,48,46,1
1332,182,46,1
1333,126,46,1
1334,293,46,1
1335,176,46,1
1336,113,46,1
1337,53,46,1
1338,74,46,1
1339,176,46,1
1340,206,46,0
1341,255,46,1
1342,168,46,1
1343,53,47,1
1344,48,47,1
1345,53,47,1
1346,290,47,1
1347,255,47,1
1348,113,47,1
1349,203,47,1
1350,48,47,1
1351,74,47,1
1352,48,47,1
1353,206,47,0
1354,278,47,1
1355,293,47,1
1356,75,47,1
1357,168,47,1
1358,76,47,0
1359,126,47,1
1360,286,47,0
1361,318,47,0
1362,84,47,0
1363,176,47,1
1364,229,47,0
1365,182,47,1
1366,44,47,1
1367,286,48,0
1368,53,48,1
1369,126,48,1
1370,44,48,1
1371,168,48,1
1372,74,48,1
1373,182,48,1
1374,48,48,1
1375,255,48,1
1376,229,48,0
1377,113,48,1
1378,76,48,0
1379,75,48,1
1380,84,48,0
1381,293,48,1
1382,318,48,0
1383,278,48,1
1384,290,48,1
1385,206,48,0
1386,203,48,1
1387,206,49,0
1388,75,49,1
1389,255,49,1
1390,318,49,0
1391,48,49,1
1392,278,49,1
1393,74,49,1
1394,290,49,1
1395,53,49,1
1396,229,49,0
1397,126,49,1
1398,44,49,1
1399,182,49,1
1400,84,49,0
1401,113,49,1
1402,203,49,1
1403,168,49,1
1404,76,49,0
1405,293,49,1
1406,286,49,0
1407,315,5,1
1408,144,5,0
1409,189,5,1
1410,249,5,1
1411,163,5,0
1412,3,5,0
1413,295,5,1
1414,157,5,1
1415,82,5,0
1416,281,5,1
1417,103,5,1
1418,232,5,1
1419,154,5,1
1420,214,5,1
1421,235,5,1
1422,219,5,1
1423,180,5,0
1424,137,5,0
1425,314,5,1
1426,258,5,1
1427,247,5,1
1428,101,5,1
1429,323,5,1
1430,138,5,0
1431,29,5,1
1432,164,5,0
1433,31,5,1
1434,147,5,0
1435,255,50,1
1436,76,50,0
1437,286,50,0
1438,75,50,1
1439,48,50,1
1440,318,50,0
1441,229,50,0
1442,203,50,1
1443,84,50,0
1444,290,50,1
1445,293,50,1
1446,113,50,1
1447,74,50,1
1448,126,50,1
1449,182,50,1
1450,53,50,1
1451,44,50,1
1452,278,50,1
1453,206,50,0
1454,168,50,1
1455,260,51,1
1456,56,51,1
1457,297,51,1
1458,297,51,1
1459,330,51,1
1460,302,51,1
1461,220,51,0
1462,22,51,1
1463,16,51,1
1464,153,51,1
1465,159,51,1
1466,131,51,1
1467,125,51,1
1468,163,51,0
1469,79,51,1
1470,216,51,1
1471,223,51,1
1472,268,51,1
1473,94,51,1
1474,162,51,0
1475,78,51,1
1476,111,51,1
1477,288,51,1
1478,133,51,1
1479,169,51,1
1480,220,52,0
1481,163,52,0
1482,302,52,1
1483,78,52,1
1484,162,52,0
1485,111,52,1
1486,159,52,1
1487,330,52,1
1488,223,52,1
1489,94,52,1
1490,216,52,1
1491,79,52,1
1492,133,52,1
1493,220,52,0
1494,22,52,1
1495,131,52,1
1496,297,52,1
1497,56,52,1
1498,268,52,1
1499,16,52,1
1500,260,52,1
1501,125,52,1
1502,288,52,1
1503,153,52,1
1504,216,53,1
1505,56,53,1
1506,268,53,1
1507,163,53,0
1508,94,53,1
1509,302,53,1
1510,297,53,1
1511,22,53,1
1512,220,53,0
1513,288,53,1
1514,216,53,1
1515,330,53,1
1516,162,53,0
1517,79,53,1
1518,223,53,1
1519,159,53,1
1520,78,53,1
1521,153,53,1
1522,260,53,1
1523,133,53,1
1524,131,53,1
1525,111,53,1
1526,16,53,1
1527,223,54,1
1528,268,54,1
1529,16,54,1
1530,302,54,1
1531,79,54,1
1532,153,54,1
1533,94,54,1
1534,216,54,1
1535,131,54,1
1536,260,54,1
1537,56,54,1
1538,22,54,1
1539,162,54,0
1540,297,54,1
1541,133,54,1
1542,163,54,0
1543,111,54,1
1544,220,54,0
1545,330,54,1
1546,223,54,1
1547,288,54,1
1548,78,54,1
1549,159,54,1
1550,94,55,1
1551,16,55,1
1552,260,55,1
1553,131,55,1
1554,162,55,0
1555,159,55,1
1556,79,55,1
1557,56,55,1
1558,297,55,1
1559,216,55,1
1560,78,55,1
1561,223,55,1
1562,153,55,1
1563,163,55,0
1564,268,55,1
1565,288,55,1
1566,111,55,1
1567,330,55,1
1568,94,55,1
1569,302,55,1
1570,22,55,1
1571,265,56,1
1572,230,56,1
1573,245,56,1
1574,39,56,1
1575,90,56,1
1576,212,56,0
1577,96,56,1
1578,25,56,1
1579,45,56,1
1580,72,56,1
1581,30,56,0
1582,230,56,1
1583,271,56,0
1584,261,56,1
1585,5,56,1
1586,49,56,1
1587,41,56,1
1588,239,56,1
1589,200,56,0
1590,222,56,1
1591,42,56,1
1592,39,57,1
1593,239,57,1
1594,25,57,1
1595,72,57,1
1596,245,57,1
1597,49,57,1
1598,230,57,1
1599,222,57,1
1600,200,57,0
1601,41,57,1
1602,45,57,1
1603,42,57,1
1604,90,57,1
1605,5,57,1
1606,271,57,0
1607,265,57,1
1608,212,57,0
1609,96,57,1
1610,30,57,0
1611,261,57,1
1612,200,58,0
1613,5,58,1
1614,42,58,1
1615,265,58,1
1616,245,58,1
1617,222,58,1
1618,230,58,1
1619,41,58,1
1620,261,58,1
1621,25,58,1
1622,239,58,1
1623,30,58,0
1624,72,58,1
1625,200,58,0
1626,49,58,1
1627,45,58,1
1628,96,58,1
1629,271,58,0
1630,90,58,1
1631,39,58,1
1632,200,58,0
1633,30,59,0
1634,239,59,1
1635,49,59,1
1636,96,59,1
1637,45,59,1
1638,200,59,0
1639,25,59,1
1640,230,59,1
1641,90,59,1
1642,261,59,1
1643,265,59,1
1644,5,59,1
1645,41,59,1
1646,72,59,1
1647,245,59,1
1648,42,59,1
1649,222,59,1
1650,39,59,1
1651,271,59,0
1652,144,6,0
1653,314,6,1
1654,137,6,0
1655,232,6,1
1656,103,6,1
1657,249,6,1
1658,295,6,1
1659,180,6,0
1660,247,6,1
1661,214,6,1
1662,281,6,1
1663,323,6,1
1664,219,6,1
1665,82,6,0
1666,315,6,1
1667,157,6,1
1668,3,6,0
1669,163,6,0
1670,138,6,0
1671,147,6,0
1672,101,6,1
1673,189,6,1
1674,235,6,1
1675,29,6,1
1676,258,6,1
1677,154,6,1
1678,31,6,1
1679,164,6,0
1680,239,60,1
1681,72,60,1
1682,39,60,1
1683,42,60,1
1684,271,60,0
1685,30,60,0
1686,222,60,1
1687,230,60,1
1688,245,60,1
1689,261,60,1
1690,45,60,1
1691,41,60,1
1692,49,60,1
1693,5,60,1
1694,96,60,1
1695,90,60,1
1696,200,60,0
1697,25,60,1
1698,265,60,1
1699,253,61,1
1700,163,61,0
1701,61,61,1
1702,317,61,1
1703,327,61,1
1704,280,61,0
1705,67,61,1
1706,166,61,1
1707,121,61,1
1708,304,61,1
1709,165,61,1
1710,93,61,1
1711,253,61,1
1712,91,61,1
1713,150,61,1
1714,97,61,0
1715,86,61,1
1716,301,61,1
1717,166,62,1
1718,93,62,1
1719,86,62,1
1720,91,62,1
1721,165,62,1
1722,163,62,0
1723,304,62,1
1724,150,62,1
1725,253,62,1
1726,67,62,1
1727,280,62,0
1728,61,62,1
1729,121,62,1
1730,327,62,1
1731,97,62,0
1732,317,62,1
1733,301,62,1
1734,317,63,1
1735,150,63,1
1736,163,63,0
1737,67,63,1
1738,165,63,1
1739,93,63,1
1740,253,63,1
1741,91,63,1
1742,166,63,1
1743,86,63,1
1744,61,63,1
1745,327,63,1
1746,121,63,1
1747,301,63,1
1748,280,63,0
1749,97,63,0
1750,93,64,1
1751,97,64,0
1752,61,64,1
1753,327,64,1
1754,86,64,1
1755,253,64,1
1756,121,64,1
1757,165,64,1
1758,67,64,1
1759,91,64,1
1760,301,64,1
1761,317,64,1
1762,166,64,1
1763,150,64,1
1764,280,64,0
1765,253,65,1
1766,67,65,1
1767,150,65,1
1768,121,65,1
1769,317,65,1
1770,280,65,0
1771,97,65,0
1772,61,65,1
1773,301,65,1
1774,166,65,1
1775,327,65,1
1776,91,65,1
1777,86,65,1
1778,93,65,1
1779,59,66,1
1780,254,66,1
1781,208,66,1
1782,64,66,0
1783,55,66,0
1784,310,66,1
1785,2,66,1
1786,308,66,1
1787,175,66,1
1788,148,66,0
1789,129,66,1
1790,142,66,1
1791,112,66,1
1792,190,66,0
1793,283,66,1
1794,201,66,1
1795,7,66,1
1796,2,67,1
1797,142,67,1
1798,201,67,1
1799,283,67,1
1800,175,67,1
1801,148,67,0
1802,190,67,0
1803,7,67,1
1804,208,67,1
1805,129,67,1
1806,310,67,1
1807,112,67,1
1808,308,67,1
1809,59,67,1
1810,254,67,1
1811,64,67,0
1812,55,67,0
1813,308,68,1
1814,55,68,0
1815,148,68,0
1816,142,68,1
1817,112,68,1
1818,201,68,1
1819,283,68,1
1820,129,68,1
1821,208,68,1
1822,190,68,0
1823,64,68,0
1824,59,68,1
1825,310,68,1
1826,2,68,1
1827,175,68,1
1828,7,68,1
1829,254,68,1
1830,64,69,0
1831,254,69,1
1832,7,69,1
1833,112,69,1
1834,59,69,1
1835,310,69,1
1836,308,69,1
1837,175,69,1
1838,208,69,1
1839,129,69,1
1840,55,69,0
1841,190,69,0
1842,148,69,0
1843,283,69,1
1844,201,69,1
1845,142,69,1
1846,2,69,1
1847,209,7,1
1848,209,7,1
1849,27,7,1
1850,311,7,1
1851,326,7,1
1852,325,7,1
1853,177,7,0
1854,89,7,1
1855,114,7,1
1856,146,7,1
1857,26,7,0
1858,298,7,1
1859,270,7,1
1860,127,7,1
1861,70,7,0
1862,263,7,1
1863,241,7,1
1864,193,7,1
1865,310,70,1
1866,7,70,1
1867,208,70,1
1868,308,70,1
1869,142,70,1
1870,64,70,0
1871,129,70,1
1872,55,70,0
1873,175,70,1
1874,201,70,1
1875,283,70,1
1876,148,70,0
1877,59,70,1
1878,112,70,1
1879,2,70,1
1880,190,70,0
1881,254,70,1
1882,276,71,1
1883,202,71,1
1884,238,71,0
1885,274,71,0
1886,12,71,0
1887,292,71,1
1888,85,71,1
1889,37,71,0
1890,73,71,1
1891,196,71,1
1892,246,71,1
1893,279,71,1
1894,231,71,1
1895,277,71,0
1896,19,71,1
1897,173,71,1
1898,58,71,1
1899,160,71,1
1900,244,71,1
1901,160,72,1
1902,196,72,1
1903,279,72,1
1904,73,72,1
1905,85,72,1
1906,244,72,1
1907,277,72,0
1908,58,72,1
1909,246,72,1
1910,173,72,1
1911,202,72,1
1912,19,72,1
1913,276,72,1
1914,15,72,1
1915,292,72,1
1916,37,72,0
1917,238,72,0
1918,12,72,0
1919,231,72,1
1920,274,72,0
1921,231,73,1
1922,37,73,0
1923,202,73,1
1924,276,73,1
1925,19,73,1
1926,15,73,1
1927,12,73,0
1928,244,73,1
1929,231,73,1
1930,73,73,1
1931,85,73,1
1932,58,73,1
1933,292,73,1
1934,274,73,0
1935,279,73,1
1936,238,73,0
1937,173,73,1
1938,277,73,0
1939,246,73,1
1940,277,73,0
1941,173,74,1
1942,292,74,1
1943,202,74,1
1944,37,74,0
1945,19,74,1
1946,58,74,1
1947,279,74,1
1948,231,74,1
1949,73,74,1
1950,238,74,0
1951,85,74,1
1952,12,74,0
1953,244,74,1
1954,246,74,1
1955,15,74,1
1956,274,74,0
1957,277,74,0
1958,276,74,1
1959,19,75,1
1960,231,75,1
1961,276,75,1
1962,173,75,1
1963,277,75,0
1964,238,75,0
1965,15,75,1
1966,73,75,1
1967,292,75,1
1968,37,75,0
1969,279,75,1
1970,12,75,0
1971,244,75,1
1972,246,75,1
1973,202,75,1
1974,274,75,0
1975,85,75,1
1976,58,75,1
1977,209,8,1
1978,70,8,0
1979,26,8,0
1980,89,8,1
1981,146,8,1
1982,127,8,1
1983,193,8,1
1984,27,8,1
1985,263,8,1
1986,270,8,1
1987,326,8,1
1988,298,8,1
1989,311,8,1
1990,177,8,0
1991,114,8,1
1992,241,8,1
1993,325,8,1
1994,114,9,1
1995,27,9,1
1996,146,9,1
1997,270,9,1
1998,127,9,1
1999,193,9,1
2000,325,9,1
2001,326,9,1
2002,298,9,1
2003,70,9,0
2004,26,9,0
2005,241,9,1
2006,114,9,1
2007,89,9,1
2008,263,9,1
2009,209,9,1
2010,177,9,0
2011,311,9,1
